batch_id,production_date,plant,shift,temperature_avg_c,pressure_avg_bar,vibration_index,cycle_time_sec,defect_rate_pct,energy_kwh,material_loss_pct,coating_thickness_mm,output_units_per_hr,efficiency_score
B0001,2024-04-14,Plant_B,Night,225.43530008726324,4.958595967913106,1.777407040635685,59.5,6.0,159.7,2.2,2.480989467191401,198.8412282143679,9193.199999999999
B0002,,Plant_B,Evening,213.63258010484208,4.656315317732931,2.079549427347259,52.21,5.4,165.8,3.1,2.3286056594902007,230.0187261865719,9166.74
B0003,2025-01-17,Plant_B,Evening,197.3632038033113,4.071441811881654,0.9899788864471254,46.2,3.2,128.28,1.4,1.9455530655790203,269.1877883306958,9544.48
B0004,,Plant_B,Day,192.5235204376503,4.6947094464098384,1.3862009937990931,59.82,2.4,166.79,1.5,2.317478603838094,211.10345706887347,9613.599999999999
B0005,2024-03-05,Plant_B,Day,176.01157623726448,3.820514975870693,0.7418976759775723,35.04,0.1,132.61,1.6,1.8861700609414889,343.9273302747575,9830.160000000002
B0006,2023-04-03,Plant_A,Day,206.53913338242083,4.21211388761671,1.2474288246498928,49.69,4.0,144.8,2.3,2.4321273038983406,231.4582961609248,9379.2
B0007,2023-11-14,Plant_B,Evening,192.07654735699384,3.990748655830565,1.4907156702189197,51.73,4.4,161.91,2.1,2.3462216273725005,261.0621885781858,9359.24
B0008,2023-10-06,Plant_A,Day,199.1311719332887,3.609389291442268,1.212268475669247,43.11,1.2,125.44,1.4,1.7322603672740082,297.2095918197864,9741.679999999998
B0009,2025-01-18,Plant_C,Day,188.8452994604111,3.897889819972257,0.8079284142908961,45.86,1.0,135.85,1.3,1.8463397987749604,234.4345850470416,9771.300000000001
B0010,2023-06-05,Plant_B,Day,227.01932097250145,4.95147077927154,2.0387689661269928,72.97,4.9,179.76,3.6,2.531765041037878,123.72357769646568,9167.64
B0011,2024-12-08,Plant_A,Night,185.1577636020993,4.758758309359638,1.3185328389056366,45.41,0.7,139.63,1.9,1.8320988306903376,322.4184646710086,9741.33
B0012,2024-05-27,Plant_B,Day,172.72320270498793,3.7834259634564815,0.8751200525299397,47.27,2.8,126.08,1.4,2.0705513447185195,275.0933636141372,9583.92
B0013,,Plant_A,Day,201.90331621827784,4.685953500902712,1.4260710972249553,50.42,4.5,156.63,2.9,1.9752493341607984,255.5285139817113,9273.05
B0014,2023-10-16,Plant_B,Day,217.8428507966727,4.94288599140752,1.9104851683552724,64.08,4.9,161.19,3.1,2.853334889908227,153.66179940583646,9215.19
B0015,2024-04-02,Plant_A,Evening,219.54650155222816,5.329867807247364,1.762751376572943,61.0,5.7,177.11,3.3,2.6969503945364925,183.71688935800884,9118.81
B0016,2024-04-17,Plant_C,Day,208.7470096770557,4.452958977838758,2.115100078609648,61.02,5.3,174.4,3.6,2.4306028820352354,160.45241428194123,9129.08
B0017,,Plant_B,Day,199.1311719332887,4.912597357185987,1.462321251259065,57.59,3.4,165.8,1.5,2.2906659343363405,219.14751799295223,9515.099999999999
B0018,2023-08-07,Plant_B,Evening,208.8266024322936,4.260475531046404,1.2259449157514362,55.01,2.9,153.86,3.6,2.1253133570288805,240.2397597358254,9360.44
B0019,2024-07-24,Plant_A,Day,192.253685849404,4.049027267898523,1.2556511807348565,58.76,2.4,151.25,1.8,2.1361691487992998,197.97019654429215,9584.32
B0020,2023-12-17,Plant_A,Day,176.72436799603042,3.803193285419957,0.6924925544948434,44.1,2.0,143.34,2.1,1.895097173265745,274.0039180483085,9594.2
B0021,2025-01-30,Plant_A,Night,192.7632382247727,4.308535267741007,0.7457446866541588,48.9,4.2,136.13,1.8,2.0694218247153597,251.5499967760544,9407.56
B0022,2024-12-18,Plant_B,Night,204.09868604922195,4.639593161672776,1.3865899104228725,60.57,3.6,164.47,3.5,2.159426486032752,189.59028507973545,9302.6
B0023,2023-07-22,Plant_A,Evening,203.24404704568423,4.399319534595096,1.847984276697393,64.08,6.1,164.18,4.2,2.527153146341139,139.36050128197763,8995.62
B0024,2024-05-10,Plant_C,Day,191.4323327558049,3.791395257226884,0.604801768719345,41.71,1.9,134.86,0.5,1.8555830463267835,273.2429716451587,9760.949999999999
B0025,2024-08-12,Plant_A,Day,191.08434470969007,3.5828547777832656,0.9134122518655812,42.05,0.8,150.74,2.3,2.095410637323624,297.4692327955364,9691.84
B0026,2024-02-19,Plant_C,Evening,221.360157771547,5.316976545606723,1.9558029068882887,66.92,5.4,171.05,3.3,2.302731509770902,121.7517439463784,9147.82
B0026,2024-02-19,Plant_C,Evening,221.360157771547,5.316976545606723,1.9558029068882887,66.92,5.4,171.05,3.3,2.302731509770902,121.7517439463784,9147.82
B0027,2023-09-10,Plant_A,Day,190.36558080269623,3.918672317449853,1.1503888340829131,47.7,2.4,143.13,1.1,1.7938972391850927,286.0788592692584,9652.64
B0028,2024-08-11,Plant_A,Day,223.32796626764653,4.748805017972357,1.6588990270768216,51.2,7.3,157.75,2.5,2.6678395020711783,216.7761859796339,9038.25
B0029,2024-10-10,Plant_C,Evening,215.4400616951706,4.597356609076003,1.762955816830818,62.94,6.5,184.39,3.2,2.1039907259663733,164.34110350632216,9050.8
B0030,2025-02-22,Plant_C,Day,192.0636552896385,3.89527259638545,0.8993290175089134,45.1,2.0,127.92,1.2,1.814346998337162,291.3508847589295,9682.4
B0031,2023-08-19,Plant_A,Evening,195.42910398062065,3.943466304008622,0.9935055137415488,51.05,2.7,141.2,1.5,1.981109889640749,260.0096462024088,9584.05
B0032,,Plant_B,Evening,181.8026879285448,3.420400927549621,0.6828757028137059,44.54,1.6,124.71,0.5,1.7887432083221415,246.2867803649208,9790.800000000001
B0033,2024-04-17,Plant_B,Day,198.47510691057371,3.901815389750409,0.9192322224601228,50.4,2.4,147.58,1.8,2.0433435706797223,245.1483231569476,9584.32
B0034,2023-05-20,Plant_B,Day,194.3908876848064,4.821595113352236,1.30699066052638,55.25,4.5,165.26,0.7,2.0115636700969777,232.66483488063304,9483.15
B0035,,Plant_A,Day,179.46109499670084,3.4877648784400868,0.8737728579891164,36.37,2.2,136.77,0.2,1.6787317969408382,344.8745917488894,9760.439999999999
B0036,2023-08-23,Plant_C,Night,215.0462940148392,3.909507667872594,1.3438002792094634,55.4,3.6,162.95,1.4,2.207549481313308,198.2273197878452,9505.04
B0037,2024-02-09,Plant_B,Evening,212.7214555379877,4.511156299275221,1.8895121892172448,56.09,5.0,176.24,2.9,2.826501695879254,200.9208589891761,9224.5
B0038,,Plant_B,Night,201.2818010077986,4.885716126912459,1.3185328389056366,61.41,5.1,160.49,2.0,2.1711101678078606,173.5115387284012,9300.2
B0039,2023-11-09,Plant_B,Day,174.6371369992886,3.7664523899137152,0.7945401530532206,46.58,4.2,112.93,1.1,2.1682732890294605,234.9708784544308,9474.62
B0040,2023-12-21,Plant_A,Day,196.1466632001124,3.529651285951789,1.1605973440103758,51.72,4.8,137.2,1.3,2.0238027735627284,170.5497331006901,9396.24
B0041,2023-05-15,Plant_C,Day,204.76827170590585,4.488098211254937,1.3514743616535436,55.64,2.8,170.56,2.1,2.1189986705844936,253.01470093130317,9515.880000000001
B0042,,Plant_B,Night,229.69477521478453,4.969771189343199,2.0923894338827838,57.51,3.9,173.98,4.1,2.4209058184100845,208.87989261168372,9215.99
B0043,2023-10-27,Plant_A,Day,182.70234876283996,4.081856438127255,1.3185328389056366,41.73,2.8,133.4,1.3,1.9367176553282348,236.8172203795596,9593.640000000001
B0044,,Plant_B,Day,191.2794130449665,5.2426239487309765,1.4782144607901049,53.19,3.6,158.08,2.4,1.9161379942145895,218.08137483810276,9408.64
B0045,2024-10-09,Plant_C,Evening,224.3946831761965,4.5422674051914855,1.7819827344762822,61.89,5.0,174.64,2.7,2.615363012184926,172.92386397344853,9243.5
B0046,2023-05-18,Plant_B,Evening,188.8902955127784,3.692433873335455,1.121646514648822,46.53,1.2,133.16,2.1,2.2365936210259063,294.3962318873656,9672.52
B0047,,Plant_A,Day,193.49022049270783,3.7926517312568806,0.9604872973395916,56.65,3.0,145.36,3.2,2.364150314873678,197.3724219257264,9389.6
B0048,2023-06-27,Plant_B,Day,189.5872879602772,3.1699394540029404,1.3185328389056366,40.26,3.7,108.04,1.8,2.011414045777073,293.36254584047447,9456.66
B0049,,Plant_B,Night,184.43078623251373,3.7349249999101497,1.1913571066677957,47.97,0.8,127.81,1.3,1.6087665509847229,256.0647564571041,9791.04
B0050,,Plant_C,Night,222.26944758499803,5.037068005891702,1.4683121209904404,58.46,5.7,159.15,3.1,2.567023980156266,149.0838915790931,9137.67
B0051,,Plant_B,Evening,187.789605563752,3.562418876853969,0.6183403875659671,35.84,0.3,138.46,0.6,1.7030251922465354,330.8011199661396,9910.18
B0052,2024-11-06,Plant_A,Evening,200.39797183032252,5.225483854256711,1.7504621378039664,60.28,5.8,180.65,2.5,2.613705153394383,171.47036753022954,9184.5
B0053,2024-10-20,Plant_C,Night,212.98209588874175,4.669496091218887,1.659456297976177,59.21,2.1,153.98,3.0,2.0351596369751976,173.02564070974609,9496.300000000001
B0054,2024-02-17,Plant_B,Day,211.40343222330108,4.959204331554764,1.6800677180901349,61.92,7.0,157.16,3.2,2.3584250420808317,115.8711970385694,9002.4
B0055,,Plant_C,Day,213.77789160811236,4.954941577886807,1.3957680493050526,47.38,4.5,154.91,2.4,1.988883434797189,243.8190999399253,9320.8
B0056,2024-03-28,Plant_C,Day,227.109813949252,4.308535267741007,1.8187290933423708,60.0,5.6,175.99,3.0,2.3409366601136146,197.73719836757104,9156.800000000001
B0057,2024-08-17,Plant_A,Evening,192.76194686254888,4.343402941892551,1.2058101685589635,52.4,3.1,128.34,0.8,1.9921258060615996,266.6929301720194,9612.480000000001
B0058,2023-09-29,Plant_B,Day,198.31277638090893,3.2481499707323795,0.7836656203508544,42.13,1.2,118.43,1.8,1.8382472487097432,303.665822601802,9702.16
B0059,2024-04-17,Plant_B,Day,195.19099439679053,4.154847519821321,1.2688258608518277,50.45,2.5,142.3,1.2,1.8344514184560508,220.4015693737144,9633.0
B0060,2024-04-05,Plant_C,Evening,195.2874905204741,4.49748351363582,1.4695605923575372,47.38,2.7,139.03,0.8,1.913274105896032,318.9288741861176,9652.16
B0060,2024-04-05,Plant_C,Evening,195.2874905204741,4.49748351363582,1.4695605923575372,47.38,2.7,139.03,0.8,1.913274105896032,318.9288741861176,9652.16
B0061,2024-07-17,Plant_B,Evening,199.4947506028157,4.729619452449469,1.371804796241966,50.07,1.4,152.67,2.0,2.0902022855512814,276.4881577115308,9662.8
B0062,2024-05-15,Plant_A,Day,205.01636353683745,3.9719951229836505,1.1564943965678574,54.45,1.9,162.53,2.9,2.186582818159558,238.53587713291887,9525.509999999998
B0063,2023-08-20,Plant_A,Night,183.22007336842043,4.067259941493907,1.0026295086664576,48.21,1.7,145.3,1.4,1.9446923463307255,287.0112979949971,9692.38
B0064,2023-11-01,Plant_A,Night,199.53646473059905,3.652016113964309,0.9767885527294532,53.5,1.5,127.95,0.8,1.8078131695838875,278.5656919814928,9771.2
B0065,2025-02-14,Plant_A,Day,188.8060327817008,3.1064207448622945,0.4084829909981359,38.69,2.8,136.87,0.0,1.4774684368542068,317.5458669523413,9720.0
B0066,2024-05-13,Plant_A,Day,198.6007433507835,3.733728506943844,1.1215211659676694,47.62,3.6,134.64,0.4,2.2275657249072505,289.3922461632909,9601.44
B0067,,Plant_A,Night,187.07439706156893,4.449923730464393,0.9870749222363931,51.27,3.2,136.4,0.4,2.086646868855707,217.0882405534492,9641.279999999999
B0068,2024-09-01,Plant_C,Day,205.75364647226783,4.456069248726934,1.522511031533862,46.1,4.4,171.2,2.3,2.102112995692213,250.10141150890013,9340.119999999999
B0069,2023-04-14,Plant_A,Evening,212.1283778478654,4.285426924340544,2.181355177352573,66.41,5.5,192.85,2.9,2.6283080022598395,116.89852914055012,9175.949999999999
B0070,2023-11-14,Plant_B,Night,185.2401075005076,4.012218140299956,0.7133677985476611,41.5,1.7,121.94,0.9,1.945940715360656,322.4486057839113,9741.529999999999
B0071,2023-05-11,Plant_A,Evening,206.16801959186904,4.611287262586611,1.4658048088076867,59.21,4.5,139.31,2.9,1.99203337525107,195.3722671346001,9273.05
B0072,,Plant_A,Night,218.0534501346842,4.807028111039565,1.762286486189507,69.25,5.6,168.19,4.3,2.493690676439536,125.7913282383293,9034.08
B0073,,Plant_C,Day,212.0879365450027,5.177915828914177,1.193641980236417,59.76,5.2,162.31,2.4,1.8978200356528845,183.54963829568536,9252.48
B0074,,Plant_C,Night,198.25705121583704,4.055797097505264,1.0515222328745566,58.0,2.0,116.86,0.2,2.094718216230014,209.37090899244396,9780.4
B0075,2023-11-20,Plant_C,Day,188.03116821887352,3.696337105658559,1.0745969068390528,45.0,1.7,137.34,1.1,2.0552259747000843,211.73160347087085,9721.87
B0076,2023-09-06,Plant_B,Evening,219.25493699848053,4.50418094042656,1.8560503204697645,57.22,5.1,186.19,2.9,2.532180599788376,174.8496139967218,9214.79
B0077,2024-01-02,Plant_B,Evening,213.09524210975772,4.741190516509405,1.8301105723620537,60.1,5.6,178.31,3.0,2.7332341516709,186.7392946689409,9156.800000000001
B0078,2023-03-30,Plant_A,Day,202.39413643170445,4.122837082196431,0.7590947011939717,48.77,2.3,122.96,1.0,1.884156117982996,303.23881988681694,9672.300000000001
B0079,2024-03-16,Plant_B,Night,224.43099670573005,5.274557187496276,2.0594441559079413,53.12,6.6,161.65,3.5,2.478019772181333,233.80452508731503,9013.1
B0080,,Plant_C,Day,185.36084625384095,3.798408283791833,1.053195969859086,54.8,2.3,125.36,0.4,1.6631576864550914,225.87036995208675,9730.92
B0081,,Plant_A,Night,193.26281903424297,4.144982192690096,1.407887347805875,57.34,3.6,153.36,2.4,2.330232826054341,179.31121466058096,9408.64
B0082,2023-05-01,Plant_C,Day,220.73744626115547,5.371546711361088,1.5303370976641328,60.68,5.7,165.23,3.1,2.6818000552647843,180.1284131320563,9137.67
B0083,,Plant_A,Day,204.17466086539392,4.832127401137544,1.3185328389056366,59.48,3.4,154.76,1.7,2.1650342067182904,212.48488247101332,9495.779999999999
B0084,2024-12-15,Plant_B,Day,194.83572319042383,3.980069038848153,1.2714081844111629,43.5,3.3,151.45,2.6,1.9916728887149568,260.616975878001,9418.58
B0085,2024-04-14,Plant_C,Day,210.92432048816,4.609632847908713,1.473472219131427,58.14,3.6,140.41,1.6,2.0612831210488194,182.52737547473603,9485.76
B0086,2024-08-16,Plant_C,Day,210.8454561823688,5.139133951497519,1.889784037077993,63.7,4.3,161.16,2.2,2.5558111041132805,230.14751989253185,9359.46
B0087,2024-01-13,Plant_A,Day,206.66626363405956,4.497304401914184,1.5990156063759384,55.09,3.1,136.09,2.6,2.3861109516458376,223.0511209619721,9438.060000000001
B0088,2024-05-01,Plant_B,Evening,202.8905978711891,4.713351469465934,1.3925372411681225,60.42,3.7,148.74,3.5,2.0230322218827723,172.63003950017327,9292.949999999999
B0089,2024-04-26,Plant_A,Night,194.7593706841464,2.9279935087658524,1.157853763972358,44.1,1.9,130.21,0.0,1.641532446174325,293.62129349127656,9810.0
B0090,,Plant_A,Evening,199.1311719332887,4.733341566524555,1.612131813096553,50.75,4.5,146.59,1.7,2.436209382931146,216.7468849177712,9387.65
B0091,,Plant_C,Day,188.4338470496492,3.662073023772023,1.1501379822754862,50.33,3.9,126.87,2.0,2.133499317159578,228.70288725961757,9417.8
B0092,,Plant_C,Night,210.84946389509275,4.439433156005463,2.0460329495207463,55.23,4.6,180.1,2.9,2.428640690891446,178.7758070588872,9263.34
B0093,2024-05-28,Plant_A,Day,209.33853390608823,4.413124579475948,1.622780828742135,65.66,4.6,148.57,2.5,2.625416029397506,130.89727915276708,9301.5
B0094,2023-11-12,Plant_B,Day,192.38660819569608,4.29449576847453,1.1859359470536566,55.62,4.5,153.91,4.0,2.0000999778858364,232.02576617713288,9168.0
B0095,2024-12-16,Plant_C,Day,221.4426773465757,4.090377109962091,1.8301364571305916,64.47,5.5,158.2,2.8,2.5500867162396763,177.52904098875717,9185.4
B0096,,Plant_C,Night,174.99925443150607,3.3542703632308077,0.7823739816806373,49.83,2.4,121.5,1.0,1.884565717879644,247.71589860293017,9662.4
B0097,2024-11-10,Plant_C,Evening,221.96779080418224,4.732492490050989,2.041353902598416,51.17,4.7,166.8,3.5,2.316061214853998,213.5833740277508,9196.449999999999
B0098,2024-11-14,Plant_A,Evening,176.56699908661355,3.647897612404652,0.6937410200831308,47.2,2.1,132.66,2.4,2.0114485875300323,275.6022880952376,9555.04
B0099,2024-05-17,Plant_C,Day,206.3626805166581,4.409707751706339,1.6538504602233035,56.85,3.7,159.44,3.6,2.2300407173445,214.80489272427013,9283.32
B0100,2024-03-29,Plant_C,Evening,188.7000179459753,3.7925360238002495,0.939488666279797,49.33,1.6,141.48,0.8,1.680157559653067,246.43425565622908,9761.28
B0101,2023-04-22,Plant_A,Night,218.77347189083756,5.411746006321465,1.7703060988887704,63.77,6.8,170.53,3.1,2.0627634018530463,187.11092423510047,9031.08
B0102,2023-05-31,Plant_C,Night,214.7720450694465,5.041696257404418,1.6809338441549286,63.63,5.6,168.8,3.5,2.186070475917592,160.99865160429695,9109.6
B0103,,Plant_B,Day,187.71817845881105,3.749571298927365,0.8492736972514549,57.63,0.9,144.4,1.7,1.9470072194149248,186.78926595650157,9741.529999999999
B0104,2023-04-02,Plant_A,Evening,187.8109929569695,4.317669912015323,0.9618347407507284,51.68,1.7,144.09,1.9,1.8495473790708803,229.3103383484829,9643.23
B0105,2024-08-04,Plant_B,Day,200.7824675672452,5.1485160852299,1.4828911164730632,53.42,3.6,146.81,2.6,2.185787594061697,210.22739018442996,9389.36
B0106,,Plant_C,Evening,197.45895926499705,4.53436057225912,1.2139775225626428,57.35,3.6,160.17,2.0,1.8605148117824872,177.92788020136464,9447.2
B0107,2024-05-27,Plant_B,Evening,196.81552907352716,4.280441560677438,1.2374275741340774,50.66,2.9,135.81,1.9,1.981594780065297,242.16775490593736,9525.509999999998
B0108,2024-09-02,Plant_C,Night,171.78574906477078,3.636692419680135,0.8496420048566887,45.98,1.8,141.54,0.2,2.130486058567029,250.86873577318568,9800.36
B0109,,Plant_B,Evening,218.76923050863132,4.900980872184785,1.920217214474672,61.87,6.4,176.38,2.5,2.3726897430871747,187.49264481505853,9126.0
B0110,2024-12-12,Plant_B,Evening,212.6936136159038,4.617845309231184,1.820090786935037,52.54,3.6,147.5,3.4,2.11068723316882,239.0122957256995,9312.24
B0111,2024-07-03,Plant_A,Evening,212.128145602976,4.758294296382034,1.5757506259441518,56.06,3.7,151.3,1.8,2.1376543519446924,237.9270675901477,9456.66
B0112,2023-06-15,Plant_B,Evening,180.57269060461545,3.468827121807112,0.6782211262704682,43.66,1.1,112.75,2.0,2.114427907677515,295.99043812523547,9692.2
B0113,2024-06-19,Plant_B,Evening,181.94903929901423,4.265528843100049,0.9644838894864144,47.78,0.0,128.09,0.9,1.7835864652974522,256.3149563816299,9910.0
B0114,2024-10-12,Plant_A,Evening,186.1722332053725,4.07390742414634,1.0719840681389892,48.97,2.2,122.71,0.8,1.7258612202087846,238.6766245971275,9701.76
B0115,2024-01-14,Plant_C,Day,189.08508578473587,4.308535267741007,1.2401967787461352,57.38,4.9,158.34,2.4,2.112600866928164,216.46993076736155,9281.759999999998
B0116,2023-03-31,Plant_A,Night,217.87925868141843,5.04781266705296,2.084781154992663,58.57,6.9,183.88,3.0,2.468932649232485,154.25483454482134,9030.699999999999
B0117,,Plant_C,Night,228.20312805457507,4.308535267741007,1.9466946088839432,58.54,5.0,176.84,3.0,2.638966164554524,186.40397070761904,9215.0
B0118,2024-10-30,Plant_B,Night,219.5895130598931,4.921128832962817,1.4314841250514745,51.37,4.5,163.25,1.8,2.226903278807466,269.63546119939275,9378.1
B0119,2024-02-12,Plant_C,Night,209.6895669440404,5.164427050642114,1.3280467391532649,53.43,3.8,156.65,3.2,2.2767825984095813,180.3682648887028,9312.16
B0120,2024-07-25,Plant_A,Evening,199.15738797928617,4.231920147754779,1.0959706977287806,51.76,2.0,122.23,1.5,1.8202283600808429,280.8243274861063,9653.0
B0121,2025-01-25,Plant_A,Day,209.18638213045057,4.505623122738333,2.0001412906063827,52.66,5.0,153.32,3.5,2.2011787999678365,215.18423867900756,9167.5
B0122,,Plant_B,Night,212.7715273741843,4.557487374744797,1.2113361838780858,57.08,4.8,162.99,3.2,2.547450496617449,201.3082917417345,9215.36
B0123,2024-04-06,Plant_C,Day,218.1314362550331,4.829671769748767,1.800132527833918,61.66,7.3,164.36,2.9,2.440244671556624,133.16760731494944,9001.17
B0124,,Plant_B,Day,209.25915520972436,3.942425218255395,1.514153220843412,54.46,2.6,163.7,3.0,2.2417887698851904,236.3872834695308,9447.800000000001
B0125,2024-05-02,Plant_C,Night,192.40971496278092,4.269353860091883,1.2210570474049065,51.21,1.9,140.84,1.7,2.2139715520354777,234.3445966791191,9643.23
B0126,2023-08-08,Plant_A,Day,194.4729884790319,4.764215115207586,1.264455766276881,46.6,2.8,130.63,0.9,1.9118279887601728,255.17291368994643,9632.52
B0127,2025-01-30,Plant_B,Night,177.13831014414424,4.049126501444267,0.9622363496713704,48.4,2.7,138.5,1.9,1.860626099663714,285.0360962954557,9545.13
B0128,2025-01-08,Plant_C,Night,193.3587628042567,4.275538750261175,0.9095303562689036,54.01,2.8,134.04,1.8,2.08556888250595,197.10530554920228,9545.04
B0129,2024-08-28,Plant_A,Day,199.8173452218545,4.165667597423305,0.9671098555454872,45.82,2.5,115.01,1.5,2.281537699790639,243.1369648160172,9603.75
B0130,2023-09-15,Plant_B,Night,185.0843438273308,3.5362922376091106,1.274107712788593,43.09,1.4,113.99,1.5,1.992889535909273,297.155479242812,9712.099999999999
B0131,2023-03-04,Plant_B,Day,184.529222276081,3.823550699070564,0.7914537103409545,45.03,1.5,139.89,1.6,1.772476603420735,275.3918117055717,9692.400000000001
B0132,2023-09-10,Plant_C,Day,184.10549171812784,4.164269431450385,0.8152509717853991,45.12,2.4,127.27,1.4,1.989083906665975,275.8053968268813,9623.359999999999
B0133,2024-03-17,Plant_A,Day,185.7776601791596,3.667947062888462,0.8346184381321461,47.0,3.0,124.41,1.2,2.051087032856679,246.75844039879448,9583.6
B0134,2024-09-14,Plant_A,Night,169.39825850664684,3.950936284046854,0.8594209812465423,42.08,0.0,129.46,0.9,1.6024323003359646,311.03924773278897,9910.0
B0135,,Plant_B,Night,176.79698044278828,4.1628630539419005,0.8899417441719698,50.06,1.1,113.64,2.2,1.5612899127858664,286.02900420210506,9672.42
B0136,,Plant_C,Evening,177.1980278848518,4.345769204059502,1.3051907703725454,48.94,2.2,121.94,1.6,2.189364895838352,250.2402662614332,9623.52
B0137,2023-03-04,Plant_A,Evening,192.9409319640509,4.38224668576721,1.1533867661761197,50.57,2.3,137.43,0.6,1.9127969277292376,232.93543884799035,9711.380000000001
B0138,2024-03-12,Plant_A,Day,219.3344196603728,4.343561457801486,1.9319931575166565,67.24,5.7,181.64,3.1,2.4052488875263327,158.89106561299067,9137.67
B0139,2023-12-14,Plant_B,Day,204.89410464359415,4.395747937766672,1.6275622132143797,58.65,2.7,160.96,1.7,2.2477190805509606,218.42962888358332,9564.59
B0140,2024-04-20,Plant_B,Day,210.94601770142643,4.424646526109745,1.1921432178173017,62.73,4.8,160.62,2.7,2.3997731226051684,171.7742604579872,9262.96
B0141,2024-10-01,Plant_B,Day,200.9808467406125,4.907278725717306,1.455930382749054,51.86,3.6,132.15,1.5,1.9573335467175363,247.79454875865008,9495.400000000001
B0142,,Plant_A,Night,197.5627539580733,4.733380296104887,1.025552534929056,45.94,1.7,140.62,1.2,1.845735715978171,266.83079494566067,9712.039999999999
B0143,2023-12-25,Plant_C,Day,218.21378340963489,4.90642265007939,2.241315988917822,60.82,4.4,174.84,3.3,2.2781172537319554,120.53032787179627,9244.52
B0144,,Plant_A,Day,213.1048884283353,4.847207569236777,2.160350692388449,67.95,5.1,187.46,3.2,2.504743691167785,137.9643456369674,9186.32
B0145,2024-05-22,Plant_A,Evening,200.32000061103005,4.511926818723062,1.20083838274822,57.6,3.3,160.04,2.3,1.880513053163408,229.18028984441105,9447.59
B0146,2025-02-12,Plant_B,Night,191.7232252684529,4.731739819690266,1.0531954739956164,53.4,2.7,124.79,2.0,1.72727684590384,240.76936805063255,9535.4
B0147,2024-09-01,Plant_A,Day,199.7950943734772,4.98923086210351,1.7540303362009146,50.88,3.6,171.29,2.1,2.3730132205301997,217.5712779273178,9437.560000000001
B0148,2024-07-26,Plant_C,Evening,221.16498908292263,4.394003377880249,1.690018740598843,62.3,6.6,177.15,3.4,2.5784440167096294,130.93006283198295,9022.44
B0148,2024-07-26,Plant_C,Evening,221.16498908292263,4.394003377880249,1.690018740598843,62.3,6.6,177.15,3.4,2.5784440167096294,130.93006283198295,9022.44
B0149,2023-08-20,Plant_B,Day,199.1311719332887,3.39157484146152,0.7083002012119541,49.04,0.6,114.32,2.0,1.6376665686580187,255.7347598315412,9741.2
B0150,,Plant_A,Evening,216.82816133809584,4.39867348894929,1.7964394384268711,60.73,4.7,162.24,4.0,2.5973885996453863,194.58244751615015,9148.8
B0151,2023-05-04,Plant_C,Night,197.38561035837296,4.517532529740542,1.2358629844809403,43.8,1.1,129.97,1.9,1.9666198061531175,297.7817145407394,9702.09
B0152,2024-04-13,Plant_A,Evening,188.87618141379104,4.495104975265539,1.0946158077875,35.58,2.3,129.22,1.1,1.9707624826723067,344.9474598015876,9662.53
B0153,,Plant_A,Evening,193.95257274307764,3.4442254246150745,0.9874468502091088,44.9,1.9,164.61,2.1,1.825109657730632,304.267311692116,9603.99
B0154,2023-08-19,Plant_C,Evening,213.18070205338103,4.332043483975535,1.4250350926416016,65.3,3.0,165.36,2.2,1.9988511142187508,164.32325036862628,9486.6
B0155,2023-06-09,Plant_B,Day,194.20355570571917,4.792340814517468,1.2285596409699795,56.37,4.1,149.41,2.8,2.070079658705218,186.5128797276244,9321.480000000001
B0156,2023-06-23,Plant_B,Night,177.0815746091757,3.0305618592579933,0.8264329119659325,41.54,3.3,113.29,1.8,1.8644357730824408,291.8478488830869,9495.94
B0157,2025-01-04,Plant_A,Day,199.1311719332887,3.7775135474044905,1.012045345941211,41.62,3.2,141.69,0.0,1.8216025327277232,283.77139440461747,9680.0
B0158,2024-04-30,Plant_A,Day,181.76822697141063,4.029504386944296,1.2357047596580315,50.97,3.0,135.67,2.2,2.084512944612088,263.9531100203403,9486.6
B0159,2024-05-05,Plant_A,Night,194.2189074187584,5.038907083828172,1.282392679943836,50.3,2.0,160.63,1.6,2.211768711877009,258.423604559464,9643.2
B0160,2023-03-08,Plant_B,Day,204.35602026769223,5.203167267376928,1.9512314104193649,57.12,5.5,190.8,3.2,2.38088646692698,189.0259124034361,9147.6
B0161,2024-03-10,Plant_A,Day,184.3731185092752,3.914805455989119,0.6658904489557451,46.7,2.7,131.63,1.1,1.7857845740355132,268.3481509279725,9622.970000000001
B0162,2023-03-21,Plant_A,Evening,193.1303834462404,4.543341455212866,1.3185328389056366,46.65,3.1,139.0,1.2,2.0341777874827485,296.8769221884236,9573.720000000001
B0163,2023-05-12,Plant_B,Day,204.007120418204,4.9273128648826185,1.4980695097684684,57.58,3.9,142.2,1.5,2.1904928930962964,179.83917485570709,9465.849999999999
B0164,2023-11-06,Plant_B,Night,204.57352764439256,4.1493544338769,1.4973082812178489,54.92,2.9,146.01,1.3,1.4387270610266825,244.2902826579144,9583.77
B0165,,Plant_A,Night,197.78780545984412,4.055365613789875,1.0118907980630891,46.46,2.7,120.28,1.0,2.157725581670007,226.00550515602305,9632.699999999999
B0166,2024-05-01,Plant_B,Evening,191.35262064233072,4.134446106308149,1.27622014527396,50.43,3.1,132.4,1.6,1.8765165074488008,241.63554163495775,9534.960000000001
B0167,2025-02-16,Plant_C,Day,180.8945787016967,3.708063901168813,1.5036411569205184,39.88,2.6,126.5,1.5,1.8985162197597532,301.7955560592359,9593.900000000001
B0168,2025-01-07,Plant_A,Day,220.4982225597709,3.6465483203747393,1.234786493243372,48.2,4.0,169.27,3.2,2.441853729372668,251.5591561846652,9292.8
B0169,2024-06-12,Plant_A,Night,189.85354713031572,3.8312242491402775,1.3185328389056366,43.51,2.3,128.79,1.7,2.178568623298546,272.9848682326513,9603.91
B0170,2024-01-25,Plant_A,Evening,176.7139600581261,4.308535267741007,0.8320642798516734,52.28,1.4,126.47,0.3,1.636723930130252,260.0845937954177,9830.42
B0171,2024-08-09,Plant_A,Day,194.6303504386177,5.026371028548345,1.0574467126403522,53.4,1.9,133.9,0.7,2.4803913895138567,196.3927573078499,9741.33
B0172,2023-10-10,Plant_A,Night,199.7990213713921,3.9198222668139455,1.486387337960564,54.3,3.0,143.5,2.3,2.088421143258264,257.5912807727691,9476.9
B0173,2024-01-09,Plant_A,Day,172.8334149767422,3.982591542583553,1.3185328389056366,49.77,1.7,127.03,0.4,1.9400081165301888,264.89089205286825,9790.679999999998
B0174,,Plant_C,Day,218.91243859317456,4.531802404961286,2.1511015104109874,59.66,2.8,176.5,3.3,2.5328085269035667,197.2227994105399,9399.24
B0175,2023-03-11,Plant_A,Evening,182.81558143791557,4.070697906436182,1.292682720032242,53.94,2.1,158.38,1.8,1.937572756083404,238.39867512361232,9613.78
B0176,2023-10-04,Plant_A,Night,212.08149275748173,4.685709305308852,1.6882977587342491,56.78,5.3,191.6,3.4,2.729594335851983,196.3624194782737,9148.02
B0177,,Plant_A,Day,197.75434866101625,5.186265219370973,1.493901773951026,48.3,4.5,153.91,2.3,2.364972621332861,219.4402778324178,9330.35
B0178,,Plant_B,Day,202.2151597314417,4.057109356139274,1.7688676523524356,53.71,2.7,154.23,2.7,2.326248316169276,260.76748360458754,9467.289999999999
B0179,2024-10-28,Plant_B,Day,221.24095681582384,5.234664866078415,1.1890693571901196,59.76,3.4,170.84,1.9,2.268654510424514,227.12726441488184,9476.46
B0180,2024-02-12,Plant_B,Night,177.6308808206369,3.3923267088454754,0.6801436705575143,47.14,1.3,140.62,0.9,2.0589528160117734,282.6520414489191,9781.17
B0181,2023-12-16,Plant_A,Day,186.0574811289857,4.004016752228577,0.8970511328698264,49.4,2.7,135.42,0.7,1.432383247333536,264.31278866861584,9661.89
B0181,2023-12-16,Plant_A,Day,186.0574811289857,4.004016752228577,0.8970511328698264,49.43,2.7,135.42,0.7,1.432383247333536,264.31278866861584,9661.89
B0182,2023-04-02,Plant_A,Evening,180.8685550819729,3.9435827208134175,1.3185328389056366,43.78,3.1,111.18,1.0,2.077960814987013,294.75648435083554,9593.1
B0183,2023-11-29,Plant_C,Evening,208.57105416083783,4.9709857334889085,1.7255501830982536,60.97,4.9,161.06,3.3,2.7088969123509057,167.84086801092087,9196.17
B0184,2023-05-17,Plant_C,Day,186.2456748168601,3.383846739029676,0.8050073157640346,46.0,1.9,143.58,1.5,1.6552387526941297,290.1772854274945,9662.849999999999
B0185,2023-09-25,Plant_C,Evening,198.19202101144677,3.6329873863469495,1.1052510111322982,52.07,2.2,135.44,1.9,1.898347883194834,225.49983899076517,9594.179999999998
B0186,2023-03-06,Plant_C,Night,188.5016061232349,3.766492032599869,0.682306977884681,46.49,1.1,133.13,0.8,1.9168641700542728,286.0569819466942,9810.880000000001
B0187,2024-02-17,Plant_A,Day,179.70194504455247,4.320264473214558,0.9519286573451252,49.54,1.9,125.78,0.6,1.881772996673971,241.4416241015842,9751.14
B0188,,Plant_A,Night,175.47774122678908,4.629585246083261,0.9130779670955678,41.77,3.1,115.9,1.2,1.818212721799606,307.0196702651811,9573.720000000001
B0189,2023-10-14,Plant_B,Evening,185.42080923078728,3.658338516815128,1.014348718668718,52.93,2.7,141.36,1.4,2.255383587810175,212.5611551492624,9593.779999999999
B0190,2023-12-03,Plant_B,Night,199.36027385696892,4.113771856420232,1.0529124762348152,49.27,2.1,134.37,1.1,2.1480232012315126,260.31935146237385,9682.310000000001
B0191,2024-08-23,Plant_A,Evening,185.75418425277888,3.796445609205934,1.1563937119517305,43.94,3.1,129.04,1.4,2.050962044608903,252.75884037524216,9554.34
B0192,2024-07-09,Plant_C,Evening,204.0490689823904,4.287643656561218,1.7255713177391874,64.9,3.9,158.41,4.0,2.094445247326262,188.51014391061224,9225.599999999999
B0193,2025-02-23,Plant_A,Day,198.3787967225727,4.242095342394961,1.4342398309795208,56.71,6.3,145.09,2.5,2.0647461549785424,204.34566535291884,9135.75
B0194,,Plant_A,Night,202.1654101217408,4.537678537089068,1.5544941968280757,57.62,4.6,155.77,2.8,2.2247519059954644,216.1231942441079,9272.880000000001
B0195,2023-05-29,Plant_B,Day,218.1059728459272,4.654259044865547,1.8890949849273275,62.84,5.6,171.56,2.9,2.7783326373548287,162.17449804012023,9166.24
B0196,2024-02-25,Plant_B,Evening,189.10866543601645,4.533161219020216,1.168544509404362,42.83,2.6,109.1,1.6,1.7721362259481983,291.5297174796469,9584.160000000002
B0197,,Plant_C,Evening,185.6008111394423,3.5540264714847285,1.4124428937178024,43.75,3.4,133.1,1.6,2.012050444894263,297.7135590598247,9505.44
B0198,,Plant_B,Evening,201.85250403851072,4.985786272727109,1.6830216996655427,53.2,4.8,154.9,3.0,2.030725894337738,233.5767549880027,9234.4
B0199,,Plant_A,Evening,186.6404711513468,4.018883512995307,0.6123907841296998,33.84,1.7,129.94,0.8,1.8242037798902064,329.25921409720945,9751.36
B0200,2023-12-13,Plant_B,Day,213.85478643014864,4.674531329658596,1.3434987689480111,52.06,4.1,133.3,2.5,2.184995316811886,226.9523224539573,9350.25
B0201,2024-08-01,Plant_B,Night,172.00466591391358,4.037144414255654,0.8409132042678452,44.17,1.4,110.47,1.5,1.7642833341130524,283.5012571135115,9712.099999999999
B0202,2023-05-14,Plant_A,Evening,217.92526974636735,5.099776041052607,2.2743762934027374,58.76,6.6,172.75,3.8,2.528332278044469,193.1218150647108,8985.08
B0203,2023-04-15,Plant_C,Night,200.9872101627344,4.409362681067488,1.62820387867196,57.15,4.5,153.31,2.5,2.2845993255197934,206.12761465047092,9311.25
B0204,,Plant_C,Night,174.95534956709923,4.308535267741007,1.1215175552448309,52.76,0.0,133.86,1.5,2.2845039227927355,255.37826679057085,9850.0
B0205,2023-03-31,Plant_A,Day,172.2064157649068,3.3225919959648653,1.0227024337233344,36.66,0.8,137.19,1.5,1.5716828328520918,358.5159699071379,9771.2
B0206,2023-03-22,Plant_A,Night,183.14107064200437,3.7723797349952295,1.13598393779748,46.66,1.0,119.8,1.6,1.691213599028907,259.29986443728137,9741.6
B0207,2023-10-08,Plant_A,Day,182.06073115728287,3.727408573780375,0.7238638649665051,41.51,1.8,113.7,1.2,2.108184631856179,287.9035299538272,9702.16
B0208,2024-03-11,Plant_A,Evening,205.7067998073444,5.050168335863459,1.6045073502843084,59.19,3.8,150.46,3.2,2.2267116336793515,191.9665475834766,9312.16
B0209,2024-05-24,Plant_A,Evening,199.1311719332887,4.330893897822522,1.461040501720711,50.2,1.3,139.84,2.7,2.0405740401191856,253.96612775159733,9603.51
B0210,2023-11-25,Plant_A,Day,215.85251962003207,4.964429250487447,2.1014490808250583,63.68,4.5,153.15,3.0,2.370720535778464,182.8294039540412,9263.5
B0211,2024-12-17,Plant_C,Evening,215.26276771841947,5.313173273426678,1.9195294458614407,51.29,3.4,175.4,2.6,2.6795309112082357,235.9011017727982,9408.84
B0212,2024-01-06,Plant_C,Day,176.77644319415134,3.0971530850525126,1.0000452620653832,43.04,1.5,152.0,1.6,1.6307265440140355,306.1050681390872,9692.400000000001
B0213,2023-08-04,Plant_B,Day,200.00610545389773,3.639156223738401,1.0995515100322668,49.3,2.7,128.2,0.7,1.997294377332055,265.0392638973471,9661.89
B0214,2024-08-13,Plant_A,Evening,225.73016720855856,5.013547209881569,2.1052369708521272,64.44,6.6,174.77,3.4,2.5649983062032957,169.43366645112565,9022.44
B0215,2025-01-11,Plant_B,Evening,175.57174755313812,4.494783096956099,1.0342075221296538,56.33,2.1,132.17,0.2,1.7565119636634463,226.40617777816007,9770.42
B0216,2024-11-02,Plant_C,Night,219.3011958143541,4.892852140963814,2.097284517623441,53.33,5.1,179.3,3.2,2.7230198119401026,199.47983115084327,9186.32
B0217,2023-09-01,Plant_B,Day,217.7370708465437,4.057332033315003,1.0632920864046391,49.7,2.8,157.95,3.0,2.2023221327062847,254.5025278412711,9428.4
B0218,2025-01-31,Plant_A,Evening,220.30868080829123,4.994842555105629,2.135207127005896,55.06,5.1,175.02,4.8,2.3511475844648,220.3915801043417,9034.480000000001
B0219,2024-02-07,Plant_A,Day,199.7940948114013,5.171776100561252,1.4840139391933662,52.93,4.8,148.37,2.6,1.9660648689299367,211.4867978291383,9272.480000000001
B0220,2024-09-20,Plant_C,Evening,188.3535288421793,3.845400815951563,0.7584985275440703,39.62,2.3,149.62,1.9,2.111246825941655,304.2869428346344,9584.369999999999
B0221,2023-09-28,Plant_C,Day,199.97070574355547,4.70059450094931,1.3185328389056366,54.61,1.3,127.67,1.6,1.7383789293003409,268.56190679101945,9712.080000000002
B0222,2024-10-19,Plant_A,Evening,199.1311719332887,3.991161283226367,0.7827052578418163,50.3,3.0,119.03,0.6,1.5445088504461917,216.75923578370055,9641.800000000001
B0223,2023-11-28,Plant_B,Evening,205.8094651406913,4.324617384492418,1.3028959077814013,52.64,2.2,141.5,2.3,2.053247403157746,223.15681789045044,9555.06
B0224,2025-01-12,Plant_A,Day,213.02268350175004,4.722636344336282,1.9440982693366804,60.34,6.6,169.55,3.7,2.54461394747451,170.80992831898487,8994.42
B0225,2024-11-23,Plant_A,Night,202.5634935954965,4.153947185853954,1.344170060646626,56.3,4.2,145.19,2.0,2.1672064449196253,234.06823084660792,9388.4
B0226,,Plant_B,Evening,214.65237945237743,4.724254473635386,1.3277899358826477,63.2,3.9,168.35,2.7,2.3414409803211416,201.6214396204955,9350.529999999999
B0227,2023-10-15,Plant_A,Night,221.2062735114848,4.9303828876775,1.8751601377309493,60.7,4.2,173.13,3.1,2.573974041237794,183.39872962122988,9283.02
B0228,2023-11-06,Plant_C,Day,213.2649218222115,4.503211871219924,1.247033682071577,52.32,5.1,139.04,2.5,2.255933108803874,227.894293781214,9252.75
B0229,2023-08-23,Plant_B,Day,202.7341884503308,4.696819336383451,1.6945205638910423,50.63,7.0,167.19,2.1,2.270438287387814,205.0011543717151,9104.7
B0230,2023-03-21,Plant_C,Day,195.4778448936684,4.993492271167163,1.4410989923735364,61.76,5.0,157.15,3.2,2.16842455307051,190.3331082053549,9196.0
B0231,2024-08-25,Plant_A,Day,196.88568679597245,4.659091232531733,1.4156293262860935,51.46,3.3,148.76,2.4,2.38356162250998,254.747622147046,9437.92
B0232,2024-01-26,Plant_B,Day,208.75919118394967,4.108200066720285,1.3925485877272674,57.42,4.3,150.16,1.9,2.0320229816784625,226.33140660080883,9388.17
B0233,2025-01-16,Plant_A,Day,167.77296011843023,4.308535267741007,1.196981515311326,42.72,1.0,132.89,0.9,1.7713665528654072,303.8958787024644,9810.9
B0234,2023-04-11,Plant_B,Evening,210.6262067693908,4.463279916293587,1.28630252515174,56.33,1.6,150.63,2.1,2.327456192318406,203.7822941169378,9633.36
B0235,2023-07-09,Plant_B,Day,184.7423858332774,4.24716617777172,0.9275165620019076,41.19,2.0,127.91,2.2,1.7875912451474074,316.0112249248107,9584.4
B0236,,Plant_C,Evening,180.44701056424623,3.3949200253795,1.11217939805661,51.71,2.4,137.06,1.2,1.9602377028736784,269.7814469334168,9642.88
B0237,,Plant_A,Day,194.3202811674483,3.80928717894706,1.193943377034162,48.66,3.0,144.51,1.5,2.0894064326264745,245.69946735568743,9554.5
B0238,2023-12-27,Plant_B,Day,196.03991025723687,4.885368319533374,1.0216978458564503,54.13,3.8,163.94,2.3,2.166913368607508,183.62171609335425,9398.74
B0239,,Plant_B,Night,181.96022074877084,3.527897641996061,1.1260898985763306,39.84,0.6,137.98,0.7,1.8411216753050923,324.50555008603976,9870.42
B0240,2023-12-26,Plant_C,Day,174.76404751685837,3.821392790944525,0.987036904763797,43.61,1.0,134.3,0.6,1.562017740639198,317.4032893829469,9840.6
B0241,,Plant_C,Day,216.4531041536389,4.89565088600788,1.3318398550879642,57.41,6.5,161.81,4.0,2.8552782210501344,177.51028712784358,8976.0
B0242,2024-09-09,Plant_B,Day,187.40984978050489,3.8203153545273145,0.609400932611154,49.77,2.2,110.73,0.6,1.7416567033188692,274.97580303989224,9721.32
B0243,2024-03-20,Plant_A,Night,206.20296841541128,4.343192010036433,1.4957653723882365,53.75,5.8,159.68,2.2,2.007989289997412,176.53840303987428,9212.76
B0244,2024-02-02,Plant_B,Evening,229.09463633244425,4.53757644765841,2.051338080238636,54.42,6.1,177.74,3.3,2.4442992232025,189.2364790412201,9080.130000000001
B0245,2024-01-12,Plant_B,Night,186.753818776253,3.399806358916119,0.9319630700854862,43.76,2.5,125.8,1.1,1.854935491731971,301.80191559888283,9642.75
B0246,2024-07-28,Plant_B,Night,205.35837294205996,4.47119398489732,1.5529949203403768,56.95,4.1,166.73,2.6,2.32156931110346,195.5768386997264,9340.660000000002
B0247,2023-06-23,Plant_B,Day,211.85483836742785,4.608521531321832,2.268766053603922,61.34,7.1,196.39,3.3,2.569024550207818,174.22868174224865,8983.43
B0248,2023-03-17,Plant_B,Night,195.70737635169044,3.546325635692892,0.8917148744559883,51.19,2.0,135.38,1.4,1.5870592089719469,235.06686898669489,9662.8
B0249,2024-12-20,Plant_B,Evening,189.5718291816989,3.963459765612233,0.6029479492985201,46.61,1.4,122.77,1.6,1.4785186980654033,258.471481582478,9702.24
B0250,2024-08-08,Plant_C,Day,227.53407413723693,3.77175038613874,2.1273596163185227,63.58,5.0,173.16,2.8,2.847453237104542,162.82622310305874,9234.0
B0251,,Plant_A,Day,184.42502628625616,3.427418117002679,1.1391420537550443,55.55,3.1,136.52,1.9,1.9401248306600432,243.8416800331385,9505.89
B0252,2024-09-06,Plant_A,Day,220.0950041835048,4.305917238905571,1.219220830535483,54.04,3.4,149.47,2.8,2.301181548225686,187.91523928039717,9389.52
B0253,2025-01-03,Plant_B,Day,192.04374696004604,4.308535267741007,1.425250376897683,57.2,3.3,148.95,2.5,2.2112186470526467,198.3223335865082,9428.25
B0254,,Plant_C,Evening,188.42832299264904,3.9381959415090577,0.7787012106155118,38.11,2.0,135.83,1.1,2.054014245217173,327.7539466472421,9692.2
B0255,2023-12-01,Plant_A,Night,213.2982442446608,4.932040635591596,1.944990405803654,59.3,5.1,150.06,3.9,2.635214327370646,172.61733555391427,9119.89
B0256,,Plant_A,Day,224.9550157674567,4.308535267741007,2.1301782969129666,57.65,4.7,155.34,3.4,2.38322980254265,205.343718590293,9205.98
B0257,2024-03-02,Plant_A,Day,192.4714799992696,3.654857795717375,0.7370978077851569,45.25,1.7,140.85,0.0,1.600819805210553,306.32473523527767,9830.0
B0258,2024-06-07,Plant_A,Day,190.39075028515765,4.077731607147259,1.5144077948782506,53.82,2.5,157.06,1.0,2.0317246815435235,269.3287877098618,9652.5
B0259,2023-05-31,Plant_C,Night,175.30819669768064,3.670213285861121,1.0558276976204286,50.8,2.8,138.23,1.3,1.7025201272999968,225.10926612780816,9593.640000000001
B0260,2023-06-09,Plant_A,Day,196.4016355635597,4.689862857973203,1.224916893740614,53.56,5.8,159.81,2.7,2.154907178935168,187.70382081609236,9165.66
B0261,2023-11-07,Plant_B,Evening,192.71840652617385,4.308535267741007,1.3185328389056366,50.0,0.5,128.19,1.5,2.330999650842322,246.0740981504233,9800.75
B0262,2024-10-09,Plant_C,Night,201.53971628497052,3.9096790027451913,1.2781485333868423,50.07,2.5,132.8,0.5,1.9011235913208415,217.3946579722877,9701.25
B0263,2023-12-13,Plant_B,Evening,194.06026066543623,3.2628071248914097,0.5731564042240139,42.8,1.9,133.09,0.4,1.4585227905043994,268.74826998788325,9770.759999999998
B0264,2025-02-08,Plant_B,Night,199.94593011107705,4.760839649919537,1.4996217555611564,52.57,1.0,160.18,2.0,2.4189564047262118,248.29410895716745,9702.0
B0265,2023-07-06,Plant_C,Day,205.0547209637864,4.446555926554972,1.2940705941655055,56.6,4.4,150.03,2.7,2.463779648299849,212.0284147493632,9301.88
B0266,2024-09-22,Plant_B,Night,203.4227960588832,4.589505057862637,1.557084612800642,53.4,4.5,171.6,2.3,2.062347601590844,208.9358269965367,9330.35
B0267,2023-10-31,Plant_A,Day,189.8223536901334,3.1834423966142267,1.1978032282205566,50.97,2.9,130.96,0.3,1.9303612705427369,226.70276827747867,9680.869999999999
B0268,2024-05-26,Plant_B,Evening,224.08970777848089,4.798900895607074,2.0630148708107727,57.68,6.2,173.1,2.9,2.576227636717407,185.93517563813063,9107.98
B0269,2023-08-30,Plant_C,Day,204.38054699610512,5.013582944339179,1.486811876602387,56.4,5.8,131.4,1.6,2.1114545529570328,220.86218706695243,9269.28
B0270,2024-09-23,Plant_B,Day,201.96639952879943,4.085314316011878,1.558703635113829,57.82,3.6,168.03,3.6,2.0871937585343225,213.8164496894394,9292.960000000001
B0271,2023-05-19,Plant_C,Day,199.1311719332887,3.914352257854684,1.3362724189758832,42.54,3.4,141.16,2.0,1.7747986560461066,256.7815424994816,9466.8
B0272,2025-01-14,Plant_A,Night,202.6731607375456,4.267336148702288,1.1927278656380966,69.54,2.2,164.99,2.2,2.4461884136347205,183.63808056344223,9564.84
B0273,2024-10-06,Plant_C,Day,216.93910155791784,5.157743178618987,1.9082766140683671,64.4,6.1,167.81,3.9,2.617134195767608,163.14288500321916,9023.79
B0274,,Plant_A,Day,192.34446131295476,4.61803918179922,1.2185661880733365,39.4,3.2,145.04,1.7,2.1777053379272,270.8720782532114,9515.439999999999
B0275,2024-09-19,Plant_A,Day,196.6496985239445,3.903389690342684,0.8739649328209306,48.19,1.1,139.89,2.1,2.259436762248356,281.0961796748526,9682.310000000001
B0276,2023-10-29,Plant_B,Night,194.19794023647017,4.586076992592383,0.9385309186350208,47.27,0.8,151.85,1.0,1.7938518261476284,241.14788982903576,9820.800000000001
B0277,2023-07-02,Plant_C,Night,192.24769925160723,3.65032702015513,1.011865397059473,54.66,1.2,140.08,2.5,1.8098023138281696,251.45770840557,9633.0
B0278,2024-06-15,Plant_B,Evening,217.8630090143889,5.154869371049658,2.0879644030173714,57.62,4.2,174.26,3.3,2.632242987308138,226.98925404200511,9263.86
B0279,,Plant_B,Night,203.3956033725384,4.971192964984855,1.6493919023181824,53.8,3.5,142.24,2.2,2.219087257415861,219.8776446066064,9437.699999999999
B0280,,Plant_A,Evening,199.61534908832743,4.96627569914393,1.0814178056133574,60.07,4.0,158.79,2.1,2.2416845033173862,221.59892049724192,9398.400000000001
B0281,2025-02-20,Plant_A,Day,219.63554340857928,3.8649450720155896,1.8045492744581395,61.83,5.0,171.02,2.5,2.8089269850274263,178.80809189749124,9262.5
B0282,2024-12-28,Plant_A,Day,212.21518843372965,4.577142306073199,1.5789904349174384,58.08,2.8,160.71,1.0,1.7246771439530022,202.78109991865543,9622.800000000001
B0283,,Plant_C,Night,222.10816322828788,4.609050789545838,1.8730122337326909,62.4,3.6,164.35,2.9,2.6622654201510594,203.575698591283,9360.44
B0284,2023-04-12,Plant_B,Night,183.1355868733405,3.777859970913754,1.168138669077225,40.56,1.2,112.66,0.6,1.400054049457566,357.1493605729024,9820.720000000001
B0285,,Plant_B,Day,207.24422486285064,4.258869211145069,2.193411619169989,58.75,5.2,167.19,2.4,2.367872397931547,227.09825723408068,9252.48
B0286,2023-09-26,Plant_A,Evening,207.71514810137373,4.787197754430912,1.6324981386883604,50.58,4.7,159.54,4.0,2.281217352917833,250.57026599495987,9148.8
B0287,2024-09-27,Plant_A,Night,207.1724865282949,4.503232124079744,1.6190400542203804,56.59,4.4,164.38,2.0,2.155130510370407,208.9619297689117,9368.8
B0288,2024-04-22,Plant_B,Night,203.47563070677504,4.637637381640114,1.709773575814083,60.38,5.3,154.9,2.6,2.3314550210184914,140.4186035621008,9223.78
B0289,2023-07-05,Plant_C,Night,189.2371003715086,3.829323510286343,0.7926932187846784,40.52,1.6,136.8,1.9,1.64332438038084,297.23222549460587,9653.04
B0290,2023-08-10,Plant_B,Day,186.5081875211926,4.3017885695638505,1.2619354130878788,53.0,4.2,147.87,1.5,1.7444132147167255,220.20502681123983,9436.3
B0291,2023-03-17,Plant_B,Day,181.38032906453887,3.3628324609006293,1.3185328389056366,50.71,1.2,126.88,1.7,1.862202079195479,229.38272257856036,9712.039999999999
B0292,2024-01-02,Plant_A,Night,208.1447657949048,4.593231455800219,1.3185328389056366,55.05,4.1,138.18,1.6,2.2120356674845776,233.8755255618431,9436.560000000001
B0293,,Plant_C,Night,199.1311719332887,4.6162589651750565,1.8940246527983011,58.7,7.2,166.8,2.7,2.677131521234056,227.95424030361596,9029.439999999999
B0294,,Plant_B,Day,199.1311719332887,4.699864999427756,1.3724281135347225,63.35,4.4,144.4,2.1,2.2133860056508072,152.67346108976008,9359.24
B0295,2024-01-14,Plant_A,Evening,215.49970539300347,4.402245795155959,2.2081546728459807,55.16,4.4,178.94,3.1,2.4820661117704192,246.1800283414604,9263.64
B0296,,Plant_B,Evening,188.10070202913585,3.355642618336451,0.7318003952421934,41.18,2.1,130.6,1.8,1.7278020140476589,307.8914114797203,9613.78
B0296,,Plant_B,Evening,188.10070202913585,3.355642618336451,0.7318003952421934,41.18,2.1,130.6,1.8,1.7278020140476589,307.8914114797203,9613.78
B0297,2023-03-11,Plant_C,Day,219.09405009611743,4.503858335597185,2.2464156596294806,58.12,4.7,162.9,3.3,2.8091151109071046,164.87325240825112,9215.51
B0298,2024-03-13,Plant_A,Day,223.8382730400249,4.71230991274426,1.4548146087070668,54.74,5.2,168.68,4.1,2.575148549538881,183.4810467550889,9091.32
B0299,2023-10-10,Plant_B,Night,208.45663211689535,4.308535267741007,0.9701842079698036,50.35,4.1,134.07,2.5,2.0142395236359945,240.4586817162804,9350.25
B0300,2024-10-26,Plant_A,Night,186.31153175909043,4.469348855056623,0.8100135840323011,32.95,2.5,127.31,1.0,2.0206798843487643,291.3725185851477,9652.5
B0301,2024-01-08,Plant_B,Evening,196.17640342598284,4.544936728297296,1.154066436627034,43.51,1.4,139.79,0.8,2.2890098505293888,273.2958569930202,9781.119999999999
B0302,,Plant_B,Night,185.53267135565423,3.758717453898967,0.8542992880814894,41.76,0.2,126.14,1.6,1.6143491025346115,319.5241392645533,9820.32
B0303,2023-11-18,Plant_A,Day,197.39378384077708,4.782614610717938,1.1002787247106345,49.34,3.6,154.1,2.2,2.319763241179431,243.65353250288416,9427.92
B0304,2024-08-08,Plant_A,Evening,188.41116802567396,3.871080395548811,0.9655947737523904,35.5,0.6,146.2,0.2,1.9699553101179976,345.1514566974737,9920.12
B0305,,Plant_C,Evening,179.91174813130314,4.315721259689547,0.7604513230660275,45.26,2.1,126.97,1.8,1.848460168054156,250.58180754293855,9613.78
B0306,2023-03-12,Plant_A,Day,191.68905040880344,4.308535267741007,1.0758312177083276,42.9,2.2,102.37,0.7,1.8204320525608373,240.32944237778096,9711.539999999999
B0307,2023-11-02,Plant_A,Day,183.83728605682572,3.57816955777844,1.1665285018147835,43.51,2.9,133.53,0.3,1.406408686581477,271.8725311105117,9680.869999999999
B0308,2024-07-06,Plant_B,Night,214.3662850962341,5.669733414125789,1.872850547045666,66.73,3.9,176.75,3.1,2.691624959853226,205.5557622473624,9312.09
B0309,,Plant_A,Day,181.12563820943348,3.68953727942406,0.8950342053240039,44.2,1.3,125.08,1.0,2.04213708425009,276.76549066319166,9771.300000000001
B0310,2024-12-24,Plant_C,Evening,219.1679616501464,5.295655927457122,1.5123309902889444,61.85,4.8,148.36,3.0,2.556043746985967,131.19244093824304,9234.4
B0311,2023-07-06,Plant_B,Day,175.8513320710128,4.331331278318919,1.1367894123280111,46.98,2.2,115.6,2.2,1.99978704742025,282.11925130696824,9564.84
B0312,2023-06-08,Plant_A,Night,182.4108589714396,4.079061783927072,1.066130434861477,51.59,1.5,143.55,1.2,1.99560412348848,257.94031389149376,9731.8
B0313,2024-03-11,Plant_B,Day,180.95463983767704,3.668584366591209,1.4150566021822564,42.3,2.3,132.13,0.8,1.5424969057475408,270.99447553044456,9691.84
B0314,2024-09-22,Plant_B,Night,220.42504918006148,5.00838104374735,1.6785807619242306,63.75,6.0,158.6,2.6,2.4189124941677256,175.20418199569303,9155.6
B0315,2025-01-29,Plant_A,Night,230.47952887095977,4.516953089890981,1.7740065827947251,57.06,3.6,185.16,3.8,2.694762378580736,210.39993762362508,9273.68
B0316,2024-09-23,Plant_A,Day,182.60036286700685,3.68523748555876,0.4179047732415847,40.16,1.6,123.33,0.9,1.7856930464301357,309.86734066687154,9751.44
B0317,2024-09-27,Plant_B,Day,217.42420669690517,5.387994181570627,2.2002188317430127,60.84,4.7,176.39,4.0,2.084045730611188,171.85260742097844,9148.8
B0318,,Plant_A,Day,176.74790294212235,3.5271928135787376,0.7755869962197756,41.69,0.6,126.3,1.1,1.5422949787643847,332.4886515908737,9830.660000000002
B0319,2023-04-22,Plant_A,Day,202.9912814858841,4.6444550330979,1.4031411341988034,57.66,4.9,171.4,3.1,2.170459939771629,185.79382446214245,9215.19
B0320,2024-05-22,Plant_C,Evening,206.016699226714,4.327498930490081,0.9738678055254568,50.69,2.1,139.04,1.2,2.309414657603441,205.24610539031212,9672.52
B0321,2024-09-08,Plant_C,Night,166.31164627035415,3.6448169863434106,0.6370490715056427,45.6,1.8,124.02,1.1,1.7573359196020988,317.4634504971243,9711.980000000001
B0322,2023-10-14,Plant_B,Night,218.4314928667084,4.343373189381587,1.675308197505772,64.62,5.7,170.83,3.9,2.32680874822982,112.98814852652166,9062.23
B0323,2025-01-14,Plant_A,Evening,222.59759298967455,3.928289583273119,1.4143756202411433,52.41,4.1,154.13,2.2,2.486648723922187,247.588714058568,9379.02
B0324,2023-11-25,Plant_A,Evening,196.5807064776745,3.4669183814681626,0.9285077505167434,50.7,2.7,156.09,1.2,1.9764978915860412,246.41042528520407,9613.24
B0325,2024-04-09,Plant_B,Evening,187.94922906757725,4.482286965481947,1.1866381694080503,42.3,1.3,137.15,2.7,2.0737208559434177,311.14645974782314,9603.51
B0326,2025-02-23,Plant_C,Evening,200.444849904298,3.9190706637453054,1.579968269840981,53.1,5.1,154.21,1.5,2.124083983351492,234.9046467924041,9347.650000000001
B0327,2024-10-07,Plant_A,Evening,182.8609741928712,3.965245934874658,1.2566887514641845,48.57,2.7,140.97,1.1,2.0135433753122083,254.08927735794097,9622.970000000001
B0328,,Plant_B,Night,229.85440853998784,5.392590108732937,1.8901438453659056,52.94,6.2,165.29,3.7,2.4326484800037296,191.49339664113904,9032.939999999999
B0329,2024-10-04,Plant_A,Night,198.45055091770175,4.343585517120134,1.299307880616304,41.41,2.7,147.46,2.3,1.7064690194216463,297.96571185552125,9506.21
B0330,2024-02-12,Plant_B,Evening,175.75162680090327,4.152917755920337,0.9662933882235442,50.93,1.2,127.07,1.1,1.9353377983054212,227.350106125814,9771.32
B0331,,Plant_C,Night,216.67460453905343,4.70300509617872,1.8940217547528608,63.83,5.9,177.3,3.5,2.480865989623828,141.38487919361495,9080.65
B0332,2024-10-02,Plant_B,Evening,195.72060151879643,3.9190249283178,0.9529445195822164,49.39,2.6,126.9,1.6,2.1007015606076096,237.83069728178543,9584.160000000002
B0333,2025-01-02,Plant_C,Day,198.85178169573143,4.753594479586382,1.345346178947565,52.4,4.4,162.56,2.4,2.266707862434302,224.2534513037507,9330.56
B0334,2023-12-11,Plant_A,Evening,192.09133432087145,3.3618657809757417,0.9941430181842869,51.29,2.5,137.62,1.2,1.7192539424485034,222.85818667063893,9633.0
B0335,2023-11-14,Plant_A,Evening,208.1496070197674,4.321670701700147,1.145041440162529,57.0,4.6,139.7,2.8,1.965856799527412,249.22960020797137,9272.880000000001
B0336,2023-06-03,Plant_A,Evening,213.0748072542524,4.142564289573403,1.4868301712838736,62.8,4.8,138.54,2.5,2.0826038826431645,172.68548743338434,9282.0
B0337,2023-04-26,Plant_A,Evening,204.84462712136812,3.874513912176168,1.3444295345581276,44.57,2.3,122.7,2.3,2.012849442594516,251.09650451406625,9545.29
B0338,2025-02-13,Plant_A,Day,178.65830551428624,3.6027803461852552,1.0259245939141934,41.0,2.7,131.12,1.7,1.999624930542141,302.4106125162532,9564.59
B0339,2024-02-03,Plant_B,Evening,184.01168031487876,4.308535267741007,1.329269842123478,40.86,1.7,124.63,1.8,1.8148507658546975,305.95506385160934,9653.06
B0340,2023-06-26,Plant_A,Day,182.30764645465896,4.492720357735961,1.3191624605384449,40.25,1.2,124.41,0.9,1.7385178952509763,305.99561956404403,9791.08
B0341,2024-11-09,Plant_B,Day,195.0960845753808,4.708055540782019,1.429548461750435,50.55,3.8,149.81,2.5,2.218718296730497,202.4273626240896,9379.5
B0342,2024-12-17,Plant_B,Night,213.5998346598992,3.8118137709051103,2.162741784902982,59.3,6.1,165.44,2.7,2.67788605466492,177.107079055549,9136.470000000001
B0343,,Plant_A,Night,191.7642855040924,4.187105127369463,1.2722660044212473,49.19,2.1,144.88,2.3,2.045360353924041,257.9314934785417,9564.83
B0344,2025-02-11,Plant_C,Night,186.7660369748928,3.661038091914592,1.3185328389056366,45.81,3.1,136.72,0.5,2.05911382558539,281.9396139796347,9641.550000000001
B0345,2024-12-20,Plant_A,Evening,196.07674800012904,4.772933129844315,0.9565260696973245,55.74,2.1,135.31,2.1,1.6480323313546226,242.5125458131741,9584.410000000002
B0346,2024-02-06,Plant_A,Evening,213.5670263008172,5.271071125042214,1.7076737801756376,54.06,7.1,168.11,4.2,2.688629855950753,200.5275449569596,8899.82
B0347,2024-07-04,Plant_A,Evening,221.6442073376864,4.704127785585267,1.7540582770014632,58.5,4.5,167.14,3.5,2.339907259212057,184.5954226467885,9215.75
B0348,2023-05-27,Plant_A,Evening,213.24024566999103,5.046767237636284,2.1397246774876284,54.22,5.0,170.48,3.9,2.475738142617168,198.33983820364455,9129.5
B0349,2024-12-18,Plant_C,Day,199.1311719332887,4.587503179339869,1.4213525572755925,52.16,2.4,149.56,2.6,2.260859988108206,210.07502382727532,9506.24
B0350,2024-01-31,Plant_B,Day,181.1016288091216,4.405630786943735,1.230552727728476,58.07,1.0,146.36,1.2,2.005016097628452,200.69092886020192,9781.199999999999
B0351,2023-11-21,Plant_A,Day,185.8592816665337,3.5877287673363183,1.1647935139599137,46.85,2.7,139.9,1.8,2.012839137141892,254.0314736740778,9554.86
B0352,,Plant_A,Day,181.7522470489,3.935038792672926,0.8982099182549952,43.53,1.4,138.76,0.8,2.044863064961159,304.884283803765,9781.119999999999
B0353,,Plant_A,Evening,197.0978982006906,3.658717520082028,0.8014357157563603,45.56,2.0,137.51,1.5,2.056952609591369,242.094959405753,9653.0
B0354,2024-09-25,Plant_C,Day,188.74035319494,3.832334768008832,1.082370457505052,44.5,3.1,144.45,1.1,1.8567497360507772,270.8213460341344,9583.410000000002
B0355,2024-10-17,Plant_A,Day,188.50026566290327,4.027837292942599,0.83472513518457,46.41,1.4,142.21,1.4,1.9677462992795731,242.39894656310088,9721.96
B0356,2025-02-27,Plant_B,Evening,200.8104343537668,3.466979182472008,0.8856693494830853,44.1,2.8,130.78,2.2,2.260180987873385,236.6584142173516,9506.16
B0357,,Plant_A,Day,186.97192328147187,3.9559044196683337,0.8317447737637391,41.46,1.2,115.55,1.2,1.7752108537497866,305.48756764738346,9761.439999999999
B0358,2023-08-26,Plant_C,Day,181.1121841112204,3.516813374476507,0.7094926304399043,43.45,2.5,122.12,1.2,2.0714809092357864,295.5752743068701,9633.0
B0359,,Plant_A,Day,223.92976441582005,4.779982274551607,2.201918748144813,68.8,4.9,175.04,3.3,2.7794295051093587,112.03577783476948,9196.17
B0360,2023-03-25,Plant_C,Night,206.18379610120104,4.72048582212783,1.3969508367414962,56.81,3.8,142.04,2.1,2.120180407149784,217.9438724643443,9417.980000000001
B0361,2023-07-18,Plant_C,Day,212.7395029741488,4.393009900359112,1.5172294977517833,49.4,4.1,165.72,3.0,2.8421160246536337,231.537046431006,9302.300000000001
B0362,2025-02-14,Plant_B,Night,177.8493565612852,4.308535267741007,0.6652623104816298,42.96,4.5,118.18,1.7,2.049632287747846,299.06944050146024,9387.65
B0363,2024-07-21,Plant_A,Evening,211.52834832734453,4.871005291211205,1.112830549960495,61.9,4.1,165.18,3.0,2.2761443121120624,155.77978655945503,9302.300000000001
B0364,2023-03-02,Plant_B,Day,189.72914809858636,3.5968822230705384,1.0000257710383993,48.99,3.9,127.28,1.9,2.0282745133186464,234.91297511757995,9427.409999999998
B0365,,Plant_A,Evening,180.5705990638413,3.904951371658812,0.8502182313736816,52.18,2.1,120.62,1.6,1.8287339697926688,222.67924383644717,9633.36
B0366,2025-01-31,Plant_B,Night,201.1464334294208,3.9455002708206,0.9782665922554806,55.4,3.9,160.35,1.6,2.182014350856796,211.8625980661764,9456.24
B0367,2023-04-21,Plant_B,Day,204.46241533827336,4.28429018824242,1.2569136612488907,52.93,2.9,143.91,2.2,2.180628279930037,243.82817029973063,9496.38
B0368,2024-12-11,Plant_C,Evening,173.07491341536175,4.0749305341258655,0.7701236467169346,38.7,3.0,134.2,0.7,1.7657318685985028,283.8184690152395,9632.1
B0369,2023-04-30,Plant_B,Day,216.572672343946,5.230198477775507,2.144467537861835,51.41,4.8,184.62,2.8,2.3798835889457424,208.7265430891326,9253.44
B0370,2024-12-16,Plant_A,Evening,234.65026586213344,4.982303708253216,1.4764977718321963,54.17,5.6,190.3,3.8,2.371251523432309,192.20175270661173,9081.28
B0371,,Plant_A,Night,206.2274465386827,5.152382746892737,2.075858171425444,61.63,6.5,193.48,2.7,2.812901788439382,117.09929600376178,9097.55
B0372,2023-12-19,Plant_A,Evening,204.29910104325197,4.896259550773628,1.3535586023980033,50.77,3.0,151.0,2.7,1.999978833483989,227.0312990964826,9438.1
B0373,2024-01-02,Plant_B,Evening,183.90115643181971,3.3916143205360414,0.6495546488520426,40.51,2.0,137.39,1.2,1.6679584722720744,342.5030401869627,9682.4
B0374,,Plant_A,Day,199.8794222260681,4.719085098918302,1.6231482556454806,59.7,3.4,138.61,2.4,2.31214751653498,204.89800840389165,9428.159999999998
B0375,2023-06-20,Plant_A,Night,194.444998992594,4.068206363186471,0.989616754279142,57.02,2.2,134.8,2.7,1.9188155152460853,207.8354622006541,9515.939999999999
B0376,2024-05-10,Plant_A,Night,208.819392638178,4.346832337123368,1.4289702046317174,59.63,3.3,149.28,1.4,2.322601457700209,184.10609244241087,9534.619999999999
B0377,2025-01-07,Plant_B,Evening,189.50046890376447,3.7657598588712062,1.3189253368718123,51.47,3.4,136.4,0.7,1.9614008519835056,246.81737339730643,9592.38
B0378,2024-01-10,Plant_C,Day,201.19087312989265,4.41664891862471,1.3185328389056366,41.0,3.1,144.28,2.1,2.0211856158429926,275.62038013249764,9486.51
B0379,2024-02-26,Plant_B,Evening,218.8391353290766,5.28248588477824,2.087982185236942,50.62,7.6,161.29,4.7,2.6426827099442445,194.2544686146156,8805.720000000001
B0380,2024-07-31,Plant_B,Night,209.33949688199337,4.010108649607439,1.3392388794230872,44.32,3.9,149.94,1.7,2.015289423637755,263.48979060363104,9446.63
B0381,2024-12-24,Plant_B,Evening,178.35816883810224,3.596572538105404,0.7668156988857742,48.8,1.4,124.76,1.5,2.036438035145702,236.05050399149573,9712.099999999999
B0382,2023-07-19,Plant_B,Day,219.24741520442612,4.959498038839583,1.5640075582419335,55.43,4.8,181.07,1.9,2.5945155892125755,205.092206018788,9339.119999999999
B0383,,Plant_A,Day,212.97492687572225,5.570836970276086,1.9167309543674411,57.79,6.5,172.73,2.7,2.458671005611251,187.1224329813004,9097.55
B0384,2024-02-07,Plant_A,Evening,183.87791016008032,4.049733571147278,0.8890980251982594,52.32,2.3,137.36,1.1,1.6833404164898949,239.1790713878542,9662.53
B0385,,Plant_A,Night,161.68101389950735,3.607091618178993,1.3185328389056366,51.11,3.2,121.47,0.9,2.110997269886429,253.8667747650809,9592.88
B0386,2024-12-26,Plant_B,Evening,187.68490897577624,3.890374354932508,0.6192444206571799,45.52,1.9,144.57,1.4,1.6880651584399042,283.7652015404854,9672.659999999998
B0387,2023-04-02,Plant_C,Day,224.85307047949945,5.210497567679328,2.2496885283868804,54.49,7.1,190.82,2.8,2.7091552303194777,163.57205799769258,9029.880000000001
B0388,,Plant_B,Day,218.2192851912624,4.587355360823466,1.9315788239686815,63.58,5.6,183.63,3.4,2.411895632510491,179.51518382434176,9119.04
B0389,,Plant_A,Day,182.80069260225247,4.173238799503052,0.7851601681429183,39.37,1.2,126.91,0.5,1.4802888935654717,285.6588858329589,9830.6
B0390,2025-01-06,Plant_B,Day,188.7557070377149,3.8422558191636873,0.6643002450160407,40.75,1.0,133.15,1.0,1.762273949796762,313.88583786132574,9801.0
B0391,,Plant_A,Evening,194.8476566551728,4.459423202245153,1.3045130760663026,56.59,2.7,168.93,2.3,2.432517285896788,226.17553505101137,9506.21
B0392,2024-08-29,Plant_A,Evening,192.83309330024227,3.7894880106719455,1.4394154556691767,45.35,2.5,130.17,1.2,2.030095575200015,315.2209246062125,9633.0
B0393,,Plant_B,Day,201.66468252606975,4.1057964654206005,1.0054641173472785,62.04,2.8,132.08,0.6,1.8301904305691412,175.5687040006854,9661.68
B0394,2023-06-07,Plant_A,Day,188.37714759217465,4.705427650808439,1.3310074085971748,47.15,3.3,138.5,1.3,1.808148508869068,253.50212241909463,9544.29
B0395,2023-12-07,Plant_B,Night,195.2512962114157,4.47029976322192,1.4030859499632,48.91,3.1,150.75,1.5,1.8737528287967788,209.36152558697756,9544.650000000001
B0396,2024-06-14,Plant_B,Day,174.96136290018714,3.944983104425404,1.0670131976952115,38.1,0.0,111.19,1.3,2.177271322754048,328.00974764897364,9870.0
B0397,2024-05-19,Plant_A,Day,202.32923181763653,4.245843851154968,1.227763143599002,48.37,2.4,117.28,2.1,2.294292103713187,245.73685324669407,9555.04
B0398,,Plant_B,Day,191.35030423546877,3.6502930264078777,0.8675781336702604,50.04,3.6,131.9,0.7,2.079903646511565,263.835128298939,9572.52
B0399,2023-03-11,Plant_B,Evening,214.0366714025226,4.805675093881495,2.202214516618657,55.22,5.8,176.57,2.9,2.820536631421544,210.25382858981567,9146.82
B0400,,Plant_B,Day,182.3554607080782,4.3843158847835975,0.8368484596902578,47.4,2.2,114.74,1.3,1.6079146727792302,257.1432159986434,9652.86
B0401,2023-06-26,Plant_A,Day,181.2156263626372,3.652395929099167,0.7869575132571917,41.97,2.0,111.45,0.7,1.7962856558669382,244.77156588756705,9731.4
B0402,2024-05-14,Plant_B,Night,199.9230421915877,4.472167793190948,1.38027147183925,52.98,4.0,143.11,2.9,2.0764953499752528,244.03583633105757,9321.599999999999
B0403,,Plant_B,Day,208.41766910758395,4.604845325042084,1.3768743559518517,58.13,4.8,149.56,3.2,2.155781361045796,220.5290506755192,9215.36
B0404,2023-03-07,Plant_C,Day,199.1311719332887,4.170909764807189,1.3586634358220842,58.75,3.3,148.27,2.5,1.9442502884791275,190.6432593408973,9428.25
B0405,2024-12-15,Plant_A,Evening,178.00633128350742,3.6663139553147306,1.049703569399374,49.57,1.5,116.32,0.7,2.016192995037055,271.3664262124418,9781.05
B0406,2023-04-08,Plant_B,Evening,191.9778215497309,3.825811447474139,1.314790390913496,53.83,1.9,132.9,2.0,1.94775033266687,261.0542417980291,9613.8
B0407,2023-03-27,Plant_A,Day,198.4984001444585,4.9351992658332495,1.8969229975595017,70.01,4.6,170.96,4.2,2.469967299909666,152.9665091191534,9139.32
B0408,2023-12-11,Plant_C,Day,186.83703056692957,3.673320247153736,0.7319726377197953,46.37,1.5,129.77,1.9,1.9605495718258208,253.67253449626415,9662.849999999999
B0409,2024-06-17,Plant_A,Day,214.4987088709916,4.655143295622432,2.0002785106983407,65.74,5.9,151.78,3.1,2.513690459238539,170.69340159028962,9118.29
B0410,2023-07-11,Plant_A,Day,184.050250809478,3.2880993045713542,1.0096988212947893,48.81,0.8,142.85,2.5,1.652816286810273,257.4034277836718,9672.0
B0411,,Plant_A,Night,199.3284986563021,5.12323930871159,1.2958709100947785,55.03,4.6,151.33,3.4,2.200843051948953,213.08831113880703,9215.64
B0412,,Plant_C,Night,206.49344652148596,4.293763345734279,1.4561766565348626,50.18,5.2,161.68,2.2,2.18384741967539,195.4541333065549,9271.439999999999
B0413,2025-02-09,Plant_A,Evening,211.11267124012645,4.261694182670997,1.7382716294052678,53.8,3.4,166.47,2.3,2.564766752126028,264.5301203951407,9437.82
B0414,,Plant_B,Day,186.66141118459396,3.876318207597691,0.5395457226042049,43.75,1.4,136.93,1.9,1.6048783085259437,263.26596738752073,9672.659999999998
B0415,2023-10-26,Plant_B,Day,200.7327479349809,3.923646741420279,1.37717503015113,56.87,1.4,128.69,1.7,1.9584859772323544,263.4757479931358,9692.38
B0416,2023-08-24,Plant_B,Day,207.38580180158704,5.099170109016272,1.7104621673295524,57.27,3.7,169.93,3.3,2.534719365181353,173.2742661154961,9312.21
B0417,2024-05-14,Plant_B,Day,187.1192027621381,3.279508866597963,0.9477819137810044,45.18,1.7,128.48,0.5,1.6509927953410302,325.99480904259696,9780.85
B0418,2024-04-06,Plant_A,Evening,184.95918648992145,3.683410132575104,0.7557602840348089,37.97,1.6,108.18,1.1,1.6558296458881054,309.1991654831387,9731.76
B0419,2024-10-10,Plant_B,Day,207.6067515130191,3.706086024221918,1.5445328400278169,53.35,3.1,149.7,0.1,2.0546944836692025,265.12318931858,9680.310000000001
B0420,2024-03-18,Plant_A,Day,178.09712670494767,3.4692129898291326,1.005521798196906,42.73,1.3,123.1,1.2,1.9490833763903492,296.3123931685405,9751.56
B0421,2024-03-12,Plant_C,Day,213.2707240718061,4.622962275929081,1.8302058823333165,57.25,5.1,178.54,3.3,2.519986727758152,176.06119958986918,9176.83
B0422,2024-11-07,Plant_A,Evening,213.48743427589403,5.163202082940916,2.272223037208604,64.79,4.7,168.43,3.6,2.454633210530056,161.19911695585753,9186.92
B0423,2024-03-26,Plant_A,Evening,222.14507426800571,4.66134696970798,2.0364472467314685,64.3,4.8,163.96,4.2,2.4808129870505726,168.4446126821685,9120.16
B0424,2024-10-20,Plant_A,Night,205.84121183844465,4.308535267741007,1.373488201408659,47.0,3.6,149.86,2.1,2.386767549815461,224.1815362859044,9437.560000000001
B0425,2024-08-22,Plant_C,Day,214.030464536653,5.077384571877487,1.727919327199941,65.84,6.4,168.73,3.0,2.421328905267026,87.97029617368038,9079.199999999999
B0426,2025-01-10,Plant_C,Evening,205.74056271336585,4.718123365151112,0.7314904284575505,51.27,4.5,161.08,3.3,2.094303245889605,202.11502351288087,9234.85
B0427,2025-01-10,Plant_A,Day,197.51413029628017,4.168176983303053,1.1502170085122394,57.59,2.8,155.77,2.4,2.149236383670717,216.88801951007247,9486.72
B0428,2023-05-21,Plant_A,Day,175.43004405265611,3.912441612306545,1.2432732900576906,47.27,1.8,127.2,0.6,2.055733620079786,291.2519427546993,9761.080000000002
B0429,2023-10-28,Plant_A,Night,169.48792321002065,3.782847394347076,1.1461508380936547,40.39,1.9,122.76,0.0,2.1750690921024143,314.7679477173478,9810.0
B0430,2023-04-11,Plant_C,Night,189.1220837434064,3.9006426479706726,0.989510431523422,53.45,2.9,128.17,1.5,1.7909067372329488,252.29184695560463,9564.349999999999
B0431,2025-01-01,Plant_B,Night,172.71489005620268,3.796257849173678,1.2670893886689385,41.42,1.7,119.47,0.7,1.819910098247864,294.9469351413084,9761.189999999999
B0432,2024-08-30,Plant_C,Evening,221.5409368278769,5.402984707329631,1.9738232635581188,62.16,4.9,168.52,2.7,2.50397112205053,170.16454053536697,9253.23
B0433,2024-12-10,Plant_A,Evening,190.8492279139213,4.367317427115485,1.068836498582212,43.7,2.0,141.23,1.8,2.124764464414952,270.2440617550372,9623.6
B0434,2023-12-18,Plant_C,Day,200.40698954617,5.303124431497097,1.170169789743109,39.3,2.5,137.71,2.1,2.109625688718386,333.9803511845234,9545.25
B0435,2025-02-19,Plant_A,Day,213.56778393779248,4.689151091795781,1.9386607952071453,58.1,6.5,179.49,3.7,2.053415536260344,159.03576312190918,9004.05
B0436,2023-04-08,Plant_B,Evening,206.07561180796105,4.802436010359249,1.2813038417187383,52.17,3.6,142.86,2.3,1.834102756432287,260.5471119032844,9418.28
B0437,2024-02-14,Plant_A,Evening,183.42772998683867,3.1099325001305926,1.320812149181767,47.13,1.1,116.5,1.2,1.6579737287708838,284.52699489015475,9771.32
B0438,2024-03-22,Plant_C,Day,171.1805741473451,3.5639790622602883,1.0993631315798305,45.22,1.9,123.07,1.8,1.6209811270934442,305.062726512059,9633.42
B0439,,Plant_A,Evening,207.87946572407552,4.971883249153389,1.4406565716324482,49.07,4.0,138.63,2.9,2.2242300193484463,241.27708480391988,9321.599999999999
B0440,2023-10-20,Plant_C,Evening,168.61560667608316,3.6752356075094585,0.8155975014013319,35.04,1.9,134.74,2.0,1.9199872855164728,329.572788137901,9613.8
B0441,2023-07-06,Plant_C,Day,211.32276581874723,5.022578462075556,1.2576760588759854,55.54,4.4,158.64,2.9,2.065726065195734,171.855159608311,9282.759999999998
B0442,,Plant_B,Day,175.0725293081535,4.057436478476267,1.6510221710973738,52.98,2.3,144.8,2.0,2.024299955490813,231.4790030021846,9574.6
B0443,2024-06-08,Plant_B,Evening,209.45532559743128,4.277898176794068,1.3223205747108668,58.2,4.5,149.82,1.4,2.109015591063263,173.9232200277254,9416.3
B0444,2024-06-28,Plant_B,Night,199.1311719332887,4.6489806117873815,1.010930920826777,56.32,4.1,171.48,2.7,2.3528399200932584,209.40350772308827,9331.07
B0445,2024-01-21,Plant_B,Day,194.69479064045217,4.194162188749179,0.5625233111516206,41.29,3.1,136.4,1.0,1.738582641527009,304.20810697121635,9593.1
B0446,2024-08-17,Plant_B,Night,203.8556293462462,3.5968338115255047,1.443615187294801,57.36,1.9,126.24,1.6,2.085693999506251,235.58648747836105,9653.04
B0447,2024-09-30,Plant_A,Day,226.6489789984492,4.645220923676581,1.6759815614354263,56.17,6.1,166.41,2.9,2.676690154136406,169.4007470533409,9117.69
B0448,2023-09-06,Plant_A,Night,184.36313123465703,3.9411345363222887,0.9826430478898796,41.07,0.5,120.27,0.4,1.971908974724768,316.6771571706004,9910.199999999999
B0449,2024-11-14,Plant_A,Day,216.4418246990403,5.403524892498315,1.7344194249772973,65.38,6.5,169.35,2.7,2.50375366522663,131.90704772241315,9097.55
B0450,,Plant_B,Evening,196.39473622966372,4.145835739599149,1.2930870420564031,50.59,4.1,121.8,1.8,1.8934075803089347,259.15261570185805,9417.380000000001
B0451,2024-11-05,Plant_A,Day,205.68943255298203,4.06144774112482,1.3315459023853848,53.33,1.9,132.35,2.1,1.6526014022474962,230.26181830395385,9603.99
B0452,2023-08-12,Plant_B,Day,194.1183452158484,4.308535267741007,1.0191261162362115,43.36,2.5,128.48,2.2,2.1573953806756894,254.4147068428696,9535.5
B0453,2024-07-25,Plant_C,Night,190.5949188012248,4.082294810460341,1.404418760073981,48.53,2.9,125.07,0.7,1.8132296722666983,241.91197140008492,9642.029999999999
B0454,2024-12-06,Plant_B,Evening,193.93669462833068,3.486523789293035,1.0645971264323535,40.48,0.3,140.91,1.4,1.6607669957890765,310.8500964586276,9830.42
B0455,2024-09-19,Plant_C,Day,201.2739278283352,4.390041979564295,0.9530411784657704,41.73,2.5,124.73,1.3,2.249189147661965,297.0317830638286,9623.25
B0456,2023-12-16,Plant_A,Evening,210.3144875914187,5.138278361151014,1.4094118706494854,54.7,6.0,165.86,3.2,2.295578316085364,217.55755744026948,9099.199999999999
B0457,,Plant_A,Day,204.7298491303222,3.97000078430696,1.1832540763607282,49.22,1.0,137.07,1.6,1.9132943292159288,259.9537328129109,9741.6
B0458,2024-02-09,Plant_C,Night,199.4837586815809,4.581214239348372,1.2986073005500494,59.47,4.0,162.02,1.7,2.3215082944897536,200.3044660317137,9436.8
B0459,2024-07-11,Plant_C,Day,207.48682699681223,4.680483631613637,1.3939734983350769,55.6,3.5,148.19,1.6,2.387587543380613,222.09653065133804,9495.6
B0460,2023-07-01,Plant_B,Day,216.6031588385409,4.678388945412151,2.076751476946936,61.12,5.6,169.87,2.7,2.748090300106884,166.83022426080825,9185.12
B0461,2024-03-01,Plant_A,Night,183.3906503304297,4.197585251646999,0.6376620518143683,40.37,0.9,128.44,0.1,1.711047368039566,281.24247400087563,9900.09
B0462,,Plant_C,Night,179.7409086052458,4.238324072951224,1.1367619898788883,51.06,1.7,113.67,2.5,1.505801448078029,213.68464285814431,9584.25
B0463,2025-02-10,Plant_A,Day,224.22583348727488,4.795127830365924,1.3185328389056366,61.13,6.5,171.2,4.1,2.4871140599170247,181.2617342544463,8966.65
B0464,2023-09-19,Plant_B,Evening,204.58939265537623,4.586050484009975,1.2430096400306268,48.7,1.9,137.99,2.3,2.158129458051744,239.71539834498827,9584.369999999999
B0465,2024-08-10,Plant_B,Night,213.3150135456124,5.080268695988874,1.3185328389056366,60.77,5.4,175.55,3.2,2.417580680545775,182.0607700067629,9157.279999999999
B0466,2024-09-23,Plant_B,Day,194.09190248007764,4.066478750959607,1.2153088031705963,44.7,1.2,137.69,1.3,1.6364624983299043,305.49570893095967,9751.56
B0467,2023-12-08,Plant_A,Night,200.089083418512,3.473668293632074,0.9282536036114644,47.14,1.8,119.93,1.1,1.8665938965945983,287.2848663232002,9711.980000000001
B0468,,Plant_A,Evening,188.0382617187959,3.899432608035791,0.9913868537219396,46.0,4.2,132.0,1.3,2.4112503024847847,273.451394458232,9455.46
B0469,,Plant_A,Day,191.9207904809156,3.5504943157732813,0.8318033832941348,52.13,2.8,138.52,1.1,2.2258822716709834,240.98357503095409,9613.08
B0470,2024-03-24,Plant_B,Night,170.3062089223143,3.933256611337965,1.1912369210271736,45.56,1.3,136.36,0.3,1.6847286852221122,286.9631086873614,9840.390000000001
B0471,2024-12-22,Plant_A,Night,193.2247177885997,4.6782019562694375,1.4682638677144693,51.48,5.4,152.26,2.3,2.302155245275663,226.38473246179228,9242.42
B0472,2023-12-21,Plant_B,Day,219.6138341199596,4.897526753668174,1.6628985599079682,52.82,7.5,160.62,2.7,2.6241172668378554,199.98549693180055,9000.25
B0473,2023-10-07,Plant_C,Evening,187.21210328075497,3.802096104622573,0.8101354795707442,43.84,0.9,112.6,1.3,2.124358296191447,315.37775942428823,9781.17
B0474,2024-12-26,Plant_B,Day,185.53791748143087,4.1390611541477575,1.0929816591162482,38.64,1.2,140.4,0.6,1.4706256153575237,343.1641221139727,9820.720000000001
B0475,2023-12-22,Plant_C,Night,190.9757462454513,3.4736312756538585,0.9415030986698262,45.44,1.6,124.09,0.9,1.892529420891624,265.35996228083013,9751.44
B0476,2024-06-20,Plant_B,Day,194.8900049930413,4.431664780635224,0.9478923007772336,47.86,1.5,156.2,1.6,2.0752889277390616,310.94058260182896,9692.400000000001
B0477,,Plant_A,Evening,212.8102986905982,4.4582395868107065,2.2196287110190585,61.24,5.6,176.39,2.8,2.549770810632532,179.94439341654336,9175.68
B0478,,Plant_C,Evening,179.05240727786045,3.84090139499612,1.049681360944856,48.66,1.5,118.81,0.2,1.701313259186164,268.9892960680324,9830.3
B0479,2024-03-17,Plant_B,Night,205.6616005947668,4.571165930346087,2.201322793656737,62.9,5.3,192.1,3.3,2.4501450716179813,168.11120028068055,9157.49
B0480,2023-06-15,Plant_B,Day,188.43137459852147,3.782700307638378,0.9215885630152644,45.9,2.7,110.69,0.6,1.7338988872886634,255.31846419268217,9671.62
B0481,2025-02-26,Plant_A,Evening,187.22996379880612,3.657719337202866,1.137113606205036,55.47,1.6,152.05,2.3,1.6520916449090943,234.4556206852644,9613.68
B0482,,Plant_B,Evening,196.22701663697003,4.010579848516183,1.1266747211570558,55.5,2.6,141.93,0.9,2.1347410843949977,235.8159145196071,9652.34
B0483,2023-10-17,Plant_C,Day,184.64475713219323,3.7690829698558033,1.0691452756388216,43.31,2.4,147.97,0.9,1.6066719275204484,308.6685262353514,9672.159999999998
B0484,,Plant_A,Evening,207.4171794265178,4.410725092421222,1.4332135501789314,58.48,5.1,144.9,3.7,2.2381538945657526,173.12264602790398,9138.87
B0485,2023-08-31,Plant_B,Day,230.7412505458108,4.752099636755832,1.6821061435195124,66.52,4.5,177.84,3.6,2.4970308159816943,124.28640968680808,9206.2
B0486,,Plant_A,Day,204.97954717370803,4.85162892849795,1.3178671766866796,48.13,1.9,157.39,2.1,2.325166675730857,271.2073160513478,9603.99
B0487,2023-12-04,Plant_A,Evening,218.4466484003731,5.234492260215814,1.6923483538133388,66.04,5.3,178.76,2.8,2.6542677384529125,144.9761613935245,9204.84
B0488,2023-04-29,Plant_B,Day,217.22585561806352,4.74977247545847,1.4447941803646966,49.81,3.9,142.62,2.6,2.1351003338730865,240.3017703178856,9360.14
B0489,2023-04-26,Plant_B,Evening,219.8682132053026,5.489400520001158,2.0053554015303634,63.19,4.6,180.92,2.8,2.3219265048616258,159.42822093744857,9272.880000000001
B0489,2023-04-26,Plant_B,Evening,219.8682132053026,5.489400520001158,2.0053554015303634,63.19,4.6,180.92,2.8,2.3219265048616258,159.42822093744857,9272.880000000001
B0490,2024-01-02,Plant_A,Day,200.8273888488265,4.6983739990483215,1.225617301556909,53.3,3.4,154.86,2.5,2.049475790679302,246.3890805698463,9418.5
B0491,2023-07-10,Plant_A,Day,226.52141915395367,5.449589839757034,2.001383729335222,62.6,5.1,167.93,2.6,2.3976566691764862,132.9752936395012,9243.26
B0492,2023-11-26,Plant_B,Day,184.1910156621996,4.231689319353043,0.8393904031917848,37.92,2.1,136.53,0.0,1.731515093952443,314.9608498516074,9790.0
B0493,2024-03-19,Plant_C,Day,196.11367770898204,4.076638958664236,1.170629459781147,50.53,4.4,152.69,2.4,1.916134101636153,274.00347278093983,9330.56
B0494,2023-03-17,Plant_B,Night,178.40956307358297,3.99083465026801,0.8020421155947027,42.99,3.7,114.7,1.5,1.3197004771362553,277.1604706243411,9485.55
B0495,2024-08-21,Plant_A,Evening,204.59669251903333,4.186704698211655,1.3744595093440504,54.65,3.5,145.86,1.6,2.033692587260551,207.4412483683421,9495.6
B0496,2024-05-29,Plant_C,Evening,194.07015871206,3.776620453305299,1.1015981626213636,49.6,3.4,159.94,2.2,2.3418043935713104,242.1641443207425,9447.48
B0497,,Plant_C,Day,182.0167511761748,3.9240518732716936,1.3185328389056366,38.82,1.3,140.05,1.2,1.348528908225388,287.9704291130127,9751.56
B0498,2024-02-02,Plant_B,Night,209.5600522553482,4.581125240221079,1.3047134583084787,62.51,3.6,175.7,2.6,2.3008034643329185,183.7200702208613,9389.36
B0499,,Plant_C,Night,199.1311719332887,3.744018836768571,1.298913377438094,49.38,2.6,137.1,0.1,2.059764414789086,268.695664568035,9730.26
B0500,,Plant_B,Evening,193.66585428211468,4.176038722322246,1.013901649788,48.3,0.9,138.96,2.5,2.0482847287687225,250.22474110375944,9662.25
B0501,2023-07-14,Plant_A,Evening,190.8938997000034,3.309274602051791,0.7159009023681894,43.27,2.4,126.42,1.3,1.975610307505573,298.1995504530006,9633.119999999999
B0502,2024-10-26,Plant_C,Day,190.94495766563577,3.960111252078197,1.1141105450095412,48.37,2.4,147.12,2.8,1.9432840608252635,267.72430591454605,9486.72
B0503,2024-07-14,Plant_C,Night,184.60432045862296,3.5842470032599145,1.0777172154047647,47.88,3.6,141.14,1.8,1.914364839373682,240.40601050461697,9466.480000000001
B0504,2024-05-28,Plant_C,Day,209.21434215106308,4.748436198001783,1.186781085330045,53.93,5.4,162.11,3.6,2.1911043963885146,219.54052774618776,9119.44
B0505,2024-05-19,Plant_B,Night,199.1311719332887,4.279426092588079,1.4006932048576657,51.91,3.5,155.88,2.1,2.27446347537512,200.3550509577757,9447.35
B0506,,Plant_A,Day,179.61674655253762,4.321047341568485,0.7968208588093548,44.6,2.4,135.3,1.7,1.73227053862892,264.3782965595916,9594.08
B0507,2023-12-02,Plant_A,Evening,210.1674939917599,5.244890305351167,1.8966293332958717,62.59,4.8,181.82,3.8,2.139550158926079,198.56997389824477,9158.24
B0508,2025-01-30,Plant_B,Evening,211.73662439310468,4.137823645151268,1.5577178764717987,61.55,3.5,147.92,1.5,2.0882781048267445,220.1669858756763,9505.25
B0509,,Plant_B,Night,211.21376194953947,4.36916856923154,1.527510829220849,55.47,4.1,162.56,2.7,2.106191639435197,213.72272739177063,9331.07
B0510,,Plant_C,Day,199.1311719332887,4.867072662640933,1.883980049966812,60.5,4.4,152.28,3.7,2.5322464257305395,162.6762552528461,9206.279999999999
B0511,2023-10-19,Plant_C,Night,199.30173926356576,4.308535267741007,1.617570787704743,53.6,4.8,161.02,1.6,1.915455597710808,217.0796711668338,9367.68
B0512,2024-07-18,Plant_B,Day,199.1311719332887,3.885354359961061,1.049608475139309,43.03,1.1,133.94,0.4,1.5785942558787736,284.3991472818299,9850.44
B0513,2024-08-17,Plant_A,Night,200.9713460718312,4.8084384376452025,1.2524363920363883,51.98,5.4,151.48,2.0,2.252835022035052,240.57918664340977,9270.8
B0514,2023-05-29,Plant_A,Night,181.77416021363015,3.680306109418313,1.0061817236773385,53.61,3.7,130.2,1.0,2.1927915667297726,219.8764083865026,9533.699999999999
B0515,2024-03-31,Plant_A,Evening,198.8511322802346,3.621564947704788,1.1684605157789367,49.0,3.3,123.47,1.5,1.8467782653472864,249.65114498850448,9524.95
B0516,2024-06-05,Plant_C,Day,197.42290555109423,4.854705723536108,1.6199017707107937,54.33,5.1,168.38,2.3,2.029019888472596,195.5407217964913,9271.730000000001
B0517,,Plant_B,Day,199.5840604150177,4.197514960047166,1.246510967885633,53.01,1.8,133.23,0.8,2.13686254156359,251.1277352045056,9741.44
B0518,,Plant_B,Day,184.0769114526794,4.308535267741007,0.7521639175331825,50.49,0.0,137.47,0.4,1.6760812731794792,288.49184110868754,9960.0
B0519,2023-03-02,Plant_B,Evening,222.55568280412768,5.205185832122796,1.988993812386165,53.73,5.7,171.39,3.0,2.5504319992996747,184.85964953326527,9147.1
B0520,2023-09-26,Plant_C,Night,206.08415395895275,4.644536322062519,1.3859971473950017,58.6,3.9,160.52,1.7,2.28456775828208,195.72172861100452,9446.63
B0521,2024-03-10,Plant_B,Day,200.1521991567957,4.303461504146702,1.0987232013881778,50.18,3.2,153.71,2.4,2.147492350811528,225.1406823081607,9447.679999999998
B0522,2024-01-12,Plant_B,Evening,209.64757330360976,4.601825199437556,1.4670745487703216,54.12,4.0,158.68,2.6,2.321276272507928,239.04130400142375,9350.400000000001
B0523,2023-12-09,Plant_A,Day,203.25979386073317,4.117012911632168,1.070037284165445,59.6,4.5,154.2,1.8,2.252692143704249,214.0848060786426,9378.1
B0524,2024-01-31,Plant_B,Day,224.66131227815785,5.23292665268117,2.1603713245631,52.93,6.3,165.1,3.5,2.222089553385737,184.6439473417269,9042.050000000001
B0525,2023-03-18,Plant_B,Day,210.06376349054523,4.126483318406771,1.5420431789892497,59.67,2.9,164.87,3.5,2.0879222990117285,211.59343200730828,9370.15
B0526,2024-09-26,Plant_B,Day,177.63810642086523,3.7542430536638807,0.8724891682461161,39.52,1.4,115.8,1.4,2.227708014279319,332.50776226872074,9721.96
B0527,2024-03-26,Plant_A,Day,198.4513314784523,4.708784812409665,1.3441302456304496,61.51,4.0,156.2,2.4,2.178518477548061,187.95753852302192,9369.599999999999
B0528,2024-04-11,Plant_C,Day,210.4677192088224,4.543859343504828,1.3899609330607667,61.4,3.2,145.36,2.0,2.258992867123084,194.63301712439528,9486.4
B0529,,Plant_C,Evening,200.0685543802732,3.778463625268091,1.4770690005839258,51.7,4.8,143.82,2.5,2.298007559213744,229.73714524685724,9282.0
B0530,2024-06-15,Plant_A,Day,184.29207225246864,4.11695927756609,0.8973157513383767,43.69,4.2,124.49,0.9,1.469969658935096,248.3415908183793,9493.779999999999
B0531,2024-05-12,Plant_B,Evening,218.15231106948983,4.44821361416445,2.144622070595126,60.69,5.1,167.78,3.1,2.632779658936932,162.25778343849964,9195.810000000001
B0532,,Plant_A,Evening,172.899131149787,3.6466888401506665,0.8993632782453009,46.0,3.2,114.63,0.7,1.885582387670746,262.28242151626694,9612.24
B0533,2023-05-18,Plant_B,Day,186.04519055597007,3.586166690927617,0.8823787620499842,40.17,1.7,141.32,2.2,1.9180657359464823,289.3000787902358,9613.74
B0534,2024-08-15,Plant_B,Day,224.2551094146936,5.083904150249518,1.5064906507208815,54.0,4.4,163.45,2.3,2.354100679490588,272.64819660237225,9340.119999999999
B0535,2024-05-07,Plant_A,Day,207.33962911654584,4.844259957359212,1.2597098660599022,50.28,4.3,154.04,2.2,1.9975976317731143,265.6909089184825,9359.46
B0536,,Plant_B,Evening,194.35473890482183,3.650806344717672,1.1035588770003957,40.7,3.0,137.99,0.6,2.0927584268736577,321.02866669724176,9641.800000000001
B0537,,Plant_A,Night,168.80683959560503,3.57344410728861,1.215076604409968,38.26,3.5,112.98,1.2,1.5058009130360634,315.5759199904064,9534.199999999999
B0538,2024-12-15,Plant_A,Day,205.7275527286253,4.666193325140116,1.543430839494403,57.07,4.2,152.69,2.3,2.0857371795524378,226.70652452058516,9359.66
B0539,,Plant_B,Day,207.82597457160483,4.833230023539965,1.2750639032186482,54.6,3.5,161.06,3.3,2.2283524477769894,217.59461533486325,9331.550000000001
B0540,2024-11-03,Plant_B,Day,202.0818548609897,4.492116498885214,1.7318722152241692,56.09,4.3,145.48,3.3,2.113621159507488,207.27766426718637,9254.19
B0541,2024-08-30,Plant_A,Day,174.41579203676147,4.235215095119499,0.9152055520447792,48.52,4.0,118.13,1.2,1.8317476622872,213.1079661837928,9484.8
B0542,2024-12-26,Plant_A,Evening,182.52397392885632,4.21060822743524,1.300333083314427,42.64,3.3,136.27,0.9,1.901557869586452,300.8203186314427,9582.97
B0543,2024-12-22,Plant_A,Night,211.0147695329881,3.563276155032109,1.4640675493172086,51.89,4.6,154.65,3.0,2.139525968957884,200.1721288389554,9253.800000000001
B0544,2025-01-23,Plant_C,Evening,217.47659936233032,4.390320848041116,1.6059345167508408,54.56,3.0,144.63,3.2,2.280312859374168,228.4124478395365,9389.6
B0545,2024-12-26,Plant_B,Day,202.54393276507105,4.638290572880793,1.3959007844019782,53.72,4.0,150.7,3.1,2.095686666019458,211.0889064001736,9302.400000000001
B0546,,Plant_B,Day,183.251898627365,3.872068708110651,1.047480573848891,43.93,0.6,137.31,1.0,1.4431035432422197,274.33874492505333,9840.6
B0547,2023-03-03,Plant_A,Day,215.57801570137616,4.425733914083994,1.355249027206877,49.11,4.9,155.44,1.7,2.3267330147824574,266.83191815048536,9348.33
B0548,2023-09-29,Plant_B,Day,201.10614236107173,4.891663684005051,0.8319104458338624,55.5,2.0,115.01,2.1,1.6809037209856492,208.71219891702515,9594.2
B0549,,Plant_C,Day,225.85554465922192,4.476192279666119,1.827348991198192,61.94,3.4,165.92,4.3,2.3647246103796853,177.48398025059367,9244.619999999999
B0550,,Plant_A,Day,208.46762114376995,3.5039708974227315,1.3809507925212945,52.95,2.5,150.33,0.7,2.020590581899843,255.48689236003648,9681.75
B0551,,Plant_B,Day,184.27973677177468,4.032410094400581,0.6530766246607912,43.78,0.7,115.39,0.3,1.8497864283521672,284.43128508734804,9900.21
B0552,,Plant_B,Day,197.9242761862934,4.319682793006917,1.1603207435593117,50.87,5.2,153.14,1.7,2.318557031377136,214.11709356388857,9318.84
B0553,2024-11-21,Plant_A,Day,214.4597189255512,4.866962195868821,1.10372625509414,59.7,5.3,144.82,2.1,2.2432559158029832,202.75033526767277,9271.130000000001
B0554,,Plant_B,Day,226.4097191966147,5.011209599735304,2.2807132266450543,55.08,7.3,172.86,4.0,2.2579440456489945,213.69518016545567,8899.2
B0555,2024-03-29,Plant_A,Evening,199.1311719332887,4.852683575153161,1.3185328389056366,49.63,3.3,153.19,1.6,2.071491348324888,249.62868605354376,9515.28
B0556,,Plant_A,Night,212.0663582738497,4.577632849043672,2.17840440195798,54.22,4.7,182.16,2.0,2.311619014372919,199.14531836484215,9339.4
B0557,2025-02-06,Plant_B,Night,210.1888179227004,3.0522034579425563,0.8225025167224916,51.76,0.8,146.06,0.7,2.1833454525242373,244.4098638653404,9850.56
B0558,2025-02-09,Plant_C,Evening,197.0760395028547,4.095156649804075,1.3180072684630368,39.18,1.7,132.94,1.8,1.8119868023383572,314.4850618108284,9653.06
B0559,,Plant_C,Day,213.93123873488875,5.259170714601544,1.9806169461161824,60.03,5.9,179.4,2.9,2.4331739131347114,176.7751787605761,9137.109999999999
B0560,2023-08-03,Plant_C,Day,189.1753792869628,4.308535267741007,0.8419762472899073,49.09,2.8,126.62,2.7,1.5933696356669602,232.3042307913825,9457.56
B0561,2023-07-23,Plant_B,Evening,196.0439811833629,4.442524191973956,0.9939118991730848,49.37,2.3,148.44,1.9,1.8794516704392676,269.7980217684393,9584.369999999999
B0562,2023-07-05,Plant_B,Evening,195.35793149133443,4.150574644467708,1.5525425882398054,55.53,4.7,152.7,3.7,1.7886262820453973,226.79428460986452,9177.39
B0563,2023-12-16,Plant_B,Evening,220.21995034273576,5.1735240148990735,1.8919552126460868,64.2,5.3,177.55,3.2,2.5131329269033853,140.63641809766517,9166.96
B0564,,Plant_A,Day,214.802342767072,4.857050786579821,1.9704604345942665,59.51,5.1,170.23,2.9,2.5264634820005165,202.72628527727437,9214.79
B0565,2025-01-30,Plant_B,Day,203.50507097277367,4.467729204236811,1.6395000202383627,46.59,3.7,144.45,1.8,2.061123681096604,254.76692570759369,9456.66
B0566,2024-11-17,Plant_B,Night,196.26750725222837,4.308535267741007,1.6930668307231815,60.03,4.9,154.25,2.9,2.344301512037552,143.52710343796812,9234.21
B0567,2024-07-12,Plant_A,Day,193.8997294536392,3.8198302458330406,0.799987900071734,46.44,2.0,134.34,1.6,1.5789515386035031,257.9256448328373,9643.2
B0568,2023-09-14,Plant_C,Day,204.8857399640954,3.939122059427191,1.1812710619490236,53.6,3.1,131.18,1.6,2.135718036850268,225.4433981795379,9534.960000000001
B0569,2025-01-09,Plant_A,Day,186.40059236842055,3.9556557347580648,0.9122242221087504,47.26,2.3,154.87,2.2,1.976504968825737,277.1560667598295,9555.06
B0570,,Plant_C,Day,191.698616213786,3.192431328556764,0.6682101171676429,41.02,1.3,129.78,1.6,1.6096269371444492,284.24879147782536,9712.080000000002
B0571,2023-08-24,Plant_C,Night,225.6309831462448,5.040447794447709,1.8077137296939625,59.39,4.5,160.82,2.4,2.504329208340128,191.1297757396332,9320.8
B0572,2024-09-23,Plant_A,Day,197.32123746119103,4.214220324198706,1.0043741454470794,48.25,2.9,143.0,2.2,2.557762757513623,271.39404951111084,9496.38
B0573,2024-07-12,Plant_A,Night,199.1311719332887,4.622507477331335,1.645315443078615,58.39,4.8,190.44,3.1,2.866872160495185,175.13767734844438,9224.880000000001
B0574,,Plant_B,Day,213.32569901446217,5.059553267648327,1.3185328389056366,59.04,5.5,172.49,3.3,2.4015325864228445,164.83990699123285,9138.15
B0575,,Plant_A,Day,188.06572242811995,3.688054478513927,0.9373333202295026,42.45,3.0,126.81,2.2,1.7138174421697252,274.0672768247714,9486.6
B0576,2024-04-18,Plant_A,Night,175.54336735605767,3.5061282301365915,1.3185328389056366,43.5,2.7,135.49,1.0,1.7447923313177052,291.0141600997781,9632.699999999999
B0577,2023-04-19,Plant_B,Day,199.1311719332887,4.994408026405432,2.057139607584019,64.09,5.5,172.51,2.3,2.3865838974394733,192.09069039634596,9232.65
B0578,2024-05-08,Plant_B,Night,184.5864812177182,3.651383877762085,0.4104167747903007,34.67,1.7,130.63,0.9,1.9341641007414008,320.2611383270557,9741.529999999999
B0579,2023-05-20,Plant_C,Evening,173.9052612924191,3.784597882603028,1.027846762311572,52.01,0.6,119.95,1.2,1.2398167778488118,248.2165761978524,9820.720000000001
B0580,2024-10-11,Plant_A,Evening,229.1195781028078,5.33614330329162,2.003739902186724,64.88,5.1,175.17,3.5,2.3037752726945944,177.76673382876197,9157.85
B0581,2023-10-09,Plant_B,Day,225.982687602487,4.612473587437666,1.6147537303002717,60.68,5.5,184.7,2.6,2.7702404768507627,193.3996088808676,9204.300000000001
B0582,2024-09-20,Plant_A,Day,211.71377220564625,4.220978085258456,1.5462391419646522,57.54,2.5,140.54,2.4,2.232339273621128,194.34597614124343,9516.0
B0583,2025-01-01,Plant_B,Evening,211.84517278725508,4.475226176176605,1.3495203083620384,59.38,4.0,169.76,2.6,2.269908688439699,180.60927950977143,9350.400000000001
B0584,2023-09-10,Plant_C,Night,180.33840021109543,4.998100427466929,0.9300655081397968,43.95,2.4,121.81,1.3,1.9866655313558013,290.1937459171105,9633.119999999999
B0585,,Plant_A,Night,186.370523543713,3.7476479181893247,0.7353750554926077,50.64,3.5,127.58,1.7,2.090585039445353,255.33496740543964,9485.949999999999
B0586,2023-11-20,Plant_A,Night,191.75214032417225,3.450624955953629,0.7337823292777745,46.75,1.2,112.97,1.2,1.793996311515081,262.26499500474006,9761.439999999999
B0587,2023-11-26,Plant_A,Day,189.5006863173281,3.969332966183624,0.8261645530848036,49.63,2.3,145.4,1.4,2.207369101405487,262.9399381411318,9633.22
B0588,2025-02-26,Plant_A,Day,195.50046838925468,3.838363289853015,1.0330656116535597,53.5,3.1,133.36,2.7,2.200228992608961,242.90569343711255,9428.37
B0589,2025-01-11,Plant_B,Day,181.3614367262452,4.308535267741007,1.0561285962011369,39.53,0.5,128.07,0.7,1.8503769760334143,293.15147061028995,9880.35
B0590,,Plant_A,Evening,218.8419160789796,5.401922999856241,1.8843170480470095,58.11,5.1,151.3,3.2,2.525635782321056,196.3793377030434,9186.32
B0591,2023-03-30,Plant_C,Night,202.8738549385204,3.845858338959325,1.2316980050982052,56.38,2.8,163.04,3.5,2.5338266646782066,212.8623361809996,9379.800000000001
B0592,2024-03-29,Plant_C,Day,189.82670518189732,3.881319097151276,1.3812099848716453,43.43,1.7,146.21,1.4,1.9576903432449415,305.7007940561677,9692.38
B0593,2023-07-16,Plant_A,Day,195.3503507128665,4.387811327581845,1.4860483412617085,49.4,2.0,137.82,2.0,2.0948520303867686,225.0451969412132,9604.0
B0594,2023-10-20,Plant_C,Night,189.97986164734627,3.936767354437118,0.8253170134814501,53.61,0.7,121.81,1.6,1.914875407200969,236.17231255064397,9771.12
B0595,2024-01-13,Plant_C,Day,224.61761416792947,4.5928543718819,1.716252349352673,57.71,5.2,175.64,2.2,3.0001829564276514,216.93037923852265,9271.439999999999
B0596,2024-12-17,Plant_B,Night,216.41642855840612,4.519920605961602,1.4846454356017758,50.04,4.1,141.72,2.2,2.333681736138288,217.45031541499796,9379.02
B0597,,Plant_A,Night,199.3596873027142,4.324130684802449,1.466317748574721,59.98,5.0,150.58,1.8,2.132535818237306,167.67962127165922,9329.0
B0598,2023-09-23,Plant_A,Night,180.51005559629652,3.832100326565664,0.9051210434524531,41.2,1.5,128.2,1.2,1.850008797069759,305.26948482849275,9731.8
B0599,2025-01-25,Plant_A,Evening,198.2077641718473,5.181922485235692,1.24934733925749,56.59,5.4,162.91,2.8,2.117772511376403,221.61421115653488,9195.119999999999
B0600,2024-02-01,Plant_A,Day,199.1311719332887,4.4402437130604255,1.2526531738793063,49.15,4.9,145.9,2.4,2.1500701106247955,225.02663939666908,9281.759999999998
B0601,2024-07-23,Plant_C,Day,194.36095906873,4.308535267741007,0.9026047535624518,47.93,3.2,136.78,2.3,1.9749679796912447,255.4353330341704,9457.36
B0602,2024-05-07,Plant_B,Night,186.50016793825588,4.549461673696623,1.450727922958948,53.32,3.3,162.27,1.7,2.2549590283865446,237.19832789508516,9505.61
B0603,2023-06-24,Plant_C,Day,199.1311719332887,4.366257140424506,1.0219846330945177,45.8,2.8,139.86,1.2,2.032231067036102,290.9666344462418,9603.36
B0604,2024-09-11,Plant_A,Day,197.3330465055506,4.667613070440446,1.2198266954432715,52.14,2.0,161.61,0.7,2.1301351582033066,244.51729386732,9731.4
B0605,2024-04-10,Plant_B,Night,201.03476660838064,4.728587649358357,1.3686092073647826,54.05,1.0,142.03,1.9,2.122607000432694,209.9739842614195,9711.9
B0606,2024-07-29,Plant_A,Night,188.2991681220769,3.21464159233218,0.7193400827768048,46.34,1.5,119.37,2.0,1.802464405883328,260.0648786791542,9653.0
B0607,2023-03-09,Plant_B,Day,197.90717964950292,4.5723114778861484,1.1502669403190808,49.68,2.9,161.1,1.8,2.24543430901815,239.66887855531525,9535.22
B0608,2024-07-14,Plant_A,Day,218.26893312223012,4.751372333115989,2.072410672378329,63.26,5.6,169.85,2.5,2.498540823244892,169.3848444349208,9204.0
B0609,2023-07-04,Plant_B,Day,174.7846938214159,4.386539628536781,1.049752903301954,43.92,0.7,127.98,0.5,1.8069251504129624,264.35341430134304,9880.35
B0609,2023-07-04,Plant_B,Day,174.7846938214159,4.386539628536781,1.049752903301954,43.92,0.7,127.98,0.5,1.8069251504129624,264.35341430134304,9880.35
B0610,2023-07-30,Plant_C,Day,209.84704851292628,4.841440015298996,1.6301568436704803,53.92,4.2,166.22,1.9,2.227528666568266,219.72221612086463,9397.98
B0611,2024-12-05,Plant_A,Day,187.00598833521772,4.199858741807744,1.0445898488823,46.75,3.0,125.1,1.2,2.036716774107463,277.107492594697,9583.6
B0612,2023-11-03,Plant_A,Day,188.74687956630527,4.109674728386885,1.2281272092770974,46.34,4.8,148.53,2.4,2.0826518396041376,256.6116638959992,9291.52
B0613,2025-02-15,Plant_A,Evening,182.30177844961813,3.976965829475431,0.6739774420243836,37.92,2.6,138.31,1.9,1.463479086094799,360.2932644034145,9554.94
B0614,,Plant_C,Evening,211.57121545708983,3.826459693123805,1.604106086213806,49.61,1.1,158.51,1.3,1.791409679296849,265.08203841163225,9761.43
B0615,2024-09-04,Plant_A,Evening,187.041051991914,3.3810585119358185,0.7958603354099099,42.35,3.2,127.64,0.9,1.5120273940569326,252.5867919087289,9592.88
B0616,2024-04-25,Plant_B,Night,187.324438139055,3.982220888999456,0.7269792462073436,46.65,2.9,107.22,2.4,1.8373401073076827,246.7303508612757,9476.96
B0617,2024-08-28,Plant_B,Night,184.35335685556515,4.185409905924281,1.4678050088283967,54.47,4.4,147.81,3.0,2.4079068498153693,218.11636945879425,9273.199999999999
B0618,2024-12-26,Plant_A,Evening,174.75892621688908,4.681015577780924,0.8464619718754945,48.11,0.5,121.44,1.0,1.7672017431234297,279.877274626135,9850.5
B0619,2023-07-30,Plant_C,Night,193.84359680045395,3.8840279899745314,1.386438399627388,52.26,2.1,144.19,2.1,1.967620613740234,225.38744471827843,9584.410000000002
B0620,,Plant_C,Day,210.4096010068021,4.780564163296665,1.892760516233192,56.75,5.6,172.42,3.5,2.426470120674603,210.49375742375213,9109.6
B0621,2024-03-29,Plant_B,Day,190.30507206834733,3.833222802981748,0.6349929109157932,43.24,0.8,140.5,1.0,1.7146263320708155,275.2759419416668,9820.800000000001
B0622,2025-02-16,Plant_A,Day,214.64322484624415,5.38083514690847,1.8834356105039465,59.61,3.6,171.79,2.5,2.626086945233399,196.76009412054648,9399.0
B0623,2024-08-04,Plant_B,Evening,203.79102888290276,4.9106748438845065,1.2214511769590974,56.95,3.6,152.47,1.7,2.452287608137277,215.77870485556625,9476.12
B0623,2024-08-04,Plant_B,Evening,203.79102888290276,4.9106748438845065,1.2214511769590974,56.95,3.6,152.47,1.7,2.452287608137277,215.77870485556625,9476.12
B0624,2024-02-24,Plant_A,Evening,221.90886604110068,4.78306909766778,1.9231083149121204,61.57,5.4,161.89,4.2,2.687839806687624,182.0017220966436,9062.679999999998
B0625,2024-03-08,Plant_B,Night,182.5387691583877,4.208707129456093,0.8935084809982363,52.61,1.6,125.5,1.0,1.9370772856551104,195.99438355061127,9741.6
B0626,2023-10-02,Plant_C,Night,233.35484531633173,4.758959678359347,1.6143470103114168,64.2,5.1,170.7,3.2,2.586469895081965,158.53863386966896,9186.32
B0627,2024-03-02,Plant_C,Day,218.6910345404124,4.697573286651035,1.9813597150879347,61.59,6.6,158.8,3.4,2.4123613555647805,166.70682930301183,9022.44
B0628,2023-05-13,Plant_B,Evening,218.5153437635318,4.896515814186415,2.2635901214177645,63.71,5.4,181.19,2.9,2.5392980493663955,167.53156260386726,9185.659999999998
B0629,2023-03-26,Plant_B,Night,184.951592905443,4.006396810290909,0.5846777062855907,42.41,0.8,142.17,1.1,1.6300667805626798,307.9692887989613,9810.880000000001
B0630,2023-04-20,Plant_A,Evening,216.18516777674267,5.290498065260249,1.9720771397467591,59.11,4.2,170.44,3.1,2.653633428964921,187.1714475037445,9283.02
